<?xml version="1.0" encoding="UTF-8" ?>
<!-- This is a WordPress eXtended RSS file generated by WordPress as an export of your site. -->
<!-- It contains information about your site's posts, pages, comments, categories, and other content. -->
<!-- You may use this file to transfer that content from one site to another. -->
<!-- This file is not intended to serve as a complete backup of your site. -->

<!-- To import this information into a WordPress site follow these steps: -->
<!-- 1. Log in to that site as an administrator. -->
<!-- 2. Go to Tools: Import in the WordPress admin panel. -->
<!-- 3. Install the "WordPress" importer from the list. -->
<!-- 4. Activate & Run Importer. -->
<!-- 5. Upload this file using the form provided on that page. -->
<!-- 6. You will first be asked to map the authors in this export file to users -->
<!--    on the site. For each author, you may choose to map to an -->
<!--    existing user on the site or to create a new user. -->
<!-- 7. WordPress will then import each of the posts, pages, comments, categories, etc. -->
<!--    contained in this file into your site. -->

	<!-- generator="WordPress/5.2" created="2019-05-13 10:52" -->
<rss version="2.0"
	xmlns:excerpt="http://wordpress.org/export/1.2/excerpt/"
	xmlns:content="http://purl.org/rss/1.0/modules/content/"
	xmlns:wfw="http://wellformedweb.org/CommentAPI/"
	xmlns:dc="http://purl.org/dc/elements/1.1/"
	xmlns:wp="http://wordpress.org/export/1.2/"
>

<channel>
	<title>The Gutenkind</title>
	<link>http://127.0.0.1:8080/wordpress</link>
	<description>Just another WordPress site</description>
	<pubDate>Mon, 13 May 2019 10:52:09 +0000</pubDate>
	<language>en-US</language>
	<wp:wxr_version>1.2</wp:wxr_version>
	<wp:base_site_url>http://127.0.0.1:8080/wordpress</wp:base_site_url>
	<wp:base_blog_url>http://127.0.0.1:8080/wordpress</wp:base_blog_url>

		<wp:author><wp:author_id>1</wp:author_id><wp:author_login><![CDATA[user]]></wp:author_login><wp:author_email><![CDATA[user@example.com]]></wp:author_email><wp:author_display_name><![CDATA[Kelly Moss]]></wp:author_display_name><wp:author_first_name><![CDATA[]]></wp:author_first_name><wp:author_last_name><![CDATA[]]></wp:author_last_name></wp:author>

				
	<generator>https://wordpress.org/?v=5.2</generator>

		<item>
		<title>High Skinny Jeans</title>
		<link>http://127.0.0.1:8080/wordpress/product/high-skinny-jeans/</link>
		<pubDate>Wed, 20 Feb 2019 10:50:47 +0000</pubDate>
		<dc:creator><![CDATA[user]]></dc:creator>
		<guid isPermaLink="false">http://localhost:8888/wordpress/?post_type=product&#038;p=3263</guid>
		<description></description>
		<content:encoded><![CDATA[
						]]></content:encoded>
		<excerpt:encoded><![CDATA[
				In vel consequat massa. Sed lorem elit, facilisis sit amet commodo nec, dignissim sed diam. Maecenas ornare orci ac velit mollis, ac condimentum ipsum malesuada. Vestibulum risus erat, luctus id efficitur.

Nam sollicitudin, urna in consectetur malesuada, augue mi mollis velit, quis interdum enim ex eu est.		]]></excerpt:encoded>
		<wp:post_id>3263</wp:post_id>
		<wp:post_date><![CDATA[2019-02-20 10:50:47]]></wp:post_date>
		<wp:post_date_gmt><![CDATA[2019-02-20 10:50:47]]></wp:post_date_gmt>
		<wp:comment_status><![CDATA[closed]]></wp:comment_status>
		<wp:ping_status><![CDATA[closed]]></wp:ping_status>
		<wp:post_name><![CDATA[high-skinny-jeans]]></wp:post_name>
		<wp:status><![CDATA[publish]]></wp:status>
		<wp:post_parent>0</wp:post_parent>
		<wp:menu_order>0</wp:menu_order>
		<wp:post_type><![CDATA[product]]></wp:post_type>
		<wp:post_password><![CDATA[]]></wp:post_password>
		<wp:is_sticky>0</wp:is_sticky>
										<category domain="product_cat" nicename="cotton"><![CDATA[Cotton]]></category>
		<category domain="product_cat" nicename="jeans"><![CDATA[Jeans]]></category>
		<category domain="product_type" nicename="simple"><![CDATA[simple]]></category>
						<wp:postmeta>
		<wp:meta_key><![CDATA[_wc_review_count]]></wp:meta_key>
		<wp:meta_value><![CDATA[0]]></wp:meta_value>
		</wp:postmeta>
							<wp:postmeta>
		<wp:meta_key><![CDATA[_wc_rating_count]]></wp:meta_key>
		<wp:meta_value><![CDATA[a:0:{}]]></wp:meta_value>
		</wp:postmeta>
							<wp:postmeta>
		<wp:meta_key><![CDATA[_wc_average_rating]]></wp:meta_key>
		<wp:meta_value><![CDATA[0]]></wp:meta_value>
		</wp:postmeta>
							<wp:postmeta>
		<wp:meta_key><![CDATA[_edit_last]]></wp:meta_key>
		<wp:meta_value><![CDATA[1]]></wp:meta_value>
		</wp:postmeta>
							<wp:postmeta>
		<wp:meta_key><![CDATA[_thumbnail_id]]></wp:meta_key>
		<wp:meta_value><![CDATA[3264]]></wp:meta_value>
		</wp:postmeta>
							<wp:postmeta>
		<wp:meta_key><![CDATA[_sku]]></wp:meta_key>
		<wp:meta_value><![CDATA[12345]]></wp:meta_value>
		</wp:postmeta>
							<wp:postmeta>
		<wp:meta_key><![CDATA[_regular_price]]></wp:meta_key>
		<wp:meta_value><![CDATA[49.95]]></wp:meta_value>
		</wp:postmeta>
							<wp:postmeta>
		<wp:meta_key><![CDATA[_sale_price]]></wp:meta_key>
		<wp:meta_value><![CDATA[]]></wp:meta_value>
		</wp:postmeta>
							<wp:postmeta>
		<wp:meta_key><![CDATA[_sale_price_dates_from]]></wp:meta_key>
		<wp:meta_value><![CDATA[]]></wp:meta_value>
		</wp:postmeta>
							<wp:postmeta>
		<wp:meta_key><![CDATA[_sale_price_dates_to]]></wp:meta_key>
		<wp:meta_value><![CDATA[]]></wp:meta_value>
		</wp:postmeta>
							<wp:postmeta>
		<wp:meta_key><![CDATA[total_sales]]></wp:meta_key>
		<wp:meta_value><![CDATA[0]]></wp:meta_value>
		</wp:postmeta>
							<wp:postmeta>
		<wp:meta_key><![CDATA[_tax_status]]></wp:meta_key>
		<wp:meta_value><![CDATA[taxable]]></wp:meta_value>
		</wp:postmeta>
							<wp:postmeta>
		<wp:meta_key><![CDATA[_tax_class]]></wp:meta_key>
		<wp:meta_value><![CDATA[]]></wp:meta_value>
		</wp:postmeta>
							<wp:postmeta>
		<wp:meta_key><![CDATA[_manage_stock]]></wp:meta_key>
		<wp:meta_value><![CDATA[no]]></wp:meta_value>
		</wp:postmeta>
							<wp:postmeta>
		<wp:meta_key><![CDATA[_backorders]]></wp:meta_key>
		<wp:meta_value><![CDATA[no]]></wp:meta_value>
		</wp:postmeta>
							<wp:postmeta>
		<wp:meta_key><![CDATA[_low_stock_amount]]></wp:meta_key>
		<wp:meta_value><![CDATA[]]></wp:meta_value>
		</wp:postmeta>
							<wp:postmeta>
		<wp:meta_key><![CDATA[_sold_individually]]></wp:meta_key>
		<wp:meta_value><![CDATA[no]]></wp:meta_value>
		</wp:postmeta>
							<wp:postmeta>
		<wp:meta_key><![CDATA[_weight]]></wp:meta_key>
		<wp:meta_value><![CDATA[]]></wp:meta_value>
		</wp:postmeta>
							<wp:postmeta>
		<wp:meta_key><![CDATA[_length]]></wp:meta_key>
		<wp:meta_value><![CDATA[]]></wp:meta_value>
		</wp:postmeta>
							<wp:postmeta>
		<wp:meta_key><![CDATA[_width]]></wp:meta_key>
		<wp:meta_value><![CDATA[]]></wp:meta_value>
		</wp:postmeta>
							<wp:postmeta>
		<wp:meta_key><![CDATA[_height]]></wp:meta_key>
		<wp:meta_value><![CDATA[]]></wp:meta_value>
		</wp:postmeta>
							<wp:postmeta>
		<wp:meta_key><![CDATA[_upsell_ids]]></wp:meta_key>
		<wp:meta_value><![CDATA[a:0:{}]]></wp:meta_value>
		</wp:postmeta>
							<wp:postmeta>
		<wp:meta_key><![CDATA[_crosssell_ids]]></wp:meta_key>
		<wp:meta_value><![CDATA[a:0:{}]]></wp:meta_value>
		</wp:postmeta>
							<wp:postmeta>
		<wp:meta_key><![CDATA[_purchase_note]]></wp:meta_key>
		<wp:meta_value><![CDATA[]]></wp:meta_value>
		</wp:postmeta>
							<wp:postmeta>
		<wp:meta_key><![CDATA[_default_attributes]]></wp:meta_key>
		<wp:meta_value><![CDATA[a:0:{}]]></wp:meta_value>
		</wp:postmeta>
							<wp:postmeta>
		<wp:meta_key><![CDATA[_virtual]]></wp:meta_key>
		<wp:meta_value><![CDATA[no]]></wp:meta_value>
		</wp:postmeta>
							<wp:postmeta>
		<wp:meta_key><![CDATA[_downloadable]]></wp:meta_key>
		<wp:meta_value><![CDATA[no]]></wp:meta_value>
		</wp:postmeta>
							<wp:postmeta>
		<wp:meta_key><![CDATA[_product_image_gallery]]></wp:meta_key>
		<wp:meta_value><![CDATA[3265,3266,3267]]></wp:meta_value>
		</wp:postmeta>
							<wp:postmeta>
		<wp:meta_key><![CDATA[_download_limit]]></wp:meta_key>
		<wp:meta_value><![CDATA[-1]]></wp:meta_value>
		</wp:postmeta>
							<wp:postmeta>
		<wp:meta_key><![CDATA[_download_expiry]]></wp:meta_key>
		<wp:meta_value><![CDATA[-1]]></wp:meta_value>
		</wp:postmeta>
							<wp:postmeta>
		<wp:meta_key><![CDATA[_stock]]></wp:meta_key>
		<wp:meta_value><![CDATA[]]></wp:meta_value>
		</wp:postmeta>
							<wp:postmeta>
		<wp:meta_key><![CDATA[_stock_status]]></wp:meta_key>
		<wp:meta_value><![CDATA[instock]]></wp:meta_value>
		</wp:postmeta>
							<wp:postmeta>
		<wp:meta_key><![CDATA[_product_version]]></wp:meta_key>
		<wp:meta_value><![CDATA[3.5.7]]></wp:meta_value>
		</wp:postmeta>
							<wp:postmeta>
		<wp:meta_key><![CDATA[_price]]></wp:meta_key>
		<wp:meta_value><![CDATA[49.95]]></wp:meta_value>
		</wp:postmeta>
							<wp:postmeta>
		<wp:meta_key><![CDATA[_wp_old_date]]></wp:meta_key>
		<wp:meta_value><![CDATA[2019-03-20]]></wp:meta_value>
		</wp:postmeta>
							</item>
					<item>
		<title>Long Sleeve Top</title>
		<link>http://127.0.0.1:8080/wordpress/product/3269/</link>
		<pubDate>Wed, 20 Feb 2019 10:49:25 +0000</pubDate>
		<dc:creator><![CDATA[user]]></dc:creator>
		<guid isPermaLink="false">http://localhost:8888/wordpress/?post_type=product&#038;p=3269</guid>
		<description></description>
		<content:encoded><![CDATA[
						]]></content:encoded>
		<excerpt:encoded><![CDATA[
				In vel consequat massa. Sed lorem elit, facilisis sit amet commodo nec, dignissim sed diam. Maecenas ornare orci ac velit mollis, ac condimentum ipsum malesuada. Vestibulum risus erat, luctus id efficitur.

Nam sollicitudin, urna in consectetur malesuada, augue mi mollis velit, quis interdum enim ex eu est.		]]></excerpt:encoded>
		<wp:post_id>3269</wp:post_id>
		<wp:post_date><![CDATA[2019-02-20 10:49:25]]></wp:post_date>
		<wp:post_date_gmt><![CDATA[2019-02-20 10:49:25]]></wp:post_date_gmt>
		<wp:comment_status><![CDATA[closed]]></wp:comment_status>
		<wp:ping_status><![CDATA[closed]]></wp:ping_status>
		<wp:post_name><![CDATA[3269]]></wp:post_name>
		<wp:status><![CDATA[publish]]></wp:status>
		<wp:post_parent>0</wp:post_parent>
		<wp:menu_order>0</wp:menu_order>
		<wp:post_type><![CDATA[product]]></wp:post_type>
		<wp:post_password><![CDATA[]]></wp:post_password>
		<wp:is_sticky>0</wp:is_sticky>
										<category domain="product_cat" nicename="cotton"><![CDATA[Cotton]]></category>
		<category domain="product_type" nicename="simple"><![CDATA[simple]]></category>
		<category domain="product_cat" nicename="singlets"><![CDATA[Singlets]]></category>
						<wp:postmeta>
		<wp:meta_key><![CDATA[_wc_review_count]]></wp:meta_key>
		<wp:meta_value><![CDATA[0]]></wp:meta_value>
		</wp:postmeta>
							<wp:postmeta>
		<wp:meta_key><![CDATA[_wc_rating_count]]></wp:meta_key>
		<wp:meta_value><![CDATA[a:0:{}]]></wp:meta_value>
		</wp:postmeta>
							<wp:postmeta>
		<wp:meta_key><![CDATA[_wc_average_rating]]></wp:meta_key>
		<wp:meta_value><![CDATA[0]]></wp:meta_value>
		</wp:postmeta>
							<wp:postmeta>
		<wp:meta_key><![CDATA[_edit_last]]></wp:meta_key>
		<wp:meta_value><![CDATA[1]]></wp:meta_value>
		</wp:postmeta>
							<wp:postmeta>
		<wp:meta_key><![CDATA[_thumbnail_id]]></wp:meta_key>
		<wp:meta_value><![CDATA[3270]]></wp:meta_value>
		</wp:postmeta>
							<wp:postmeta>
		<wp:meta_key><![CDATA[_sku]]></wp:meta_key>
		<wp:meta_value><![CDATA[21234]]></wp:meta_value>
		</wp:postmeta>
							<wp:postmeta>
		<wp:meta_key><![CDATA[_regular_price]]></wp:meta_key>
		<wp:meta_value><![CDATA[19.99]]></wp:meta_value>
		</wp:postmeta>
							<wp:postmeta>
		<wp:meta_key><![CDATA[_sale_price]]></wp:meta_key>
		<wp:meta_value><![CDATA[]]></wp:meta_value>
		</wp:postmeta>
							<wp:postmeta>
		<wp:meta_key><![CDATA[_sale_price_dates_from]]></wp:meta_key>
		<wp:meta_value><![CDATA[]]></wp:meta_value>
		</wp:postmeta>
							<wp:postmeta>
		<wp:meta_key><![CDATA[_sale_price_dates_to]]></wp:meta_key>
		<wp:meta_value><![CDATA[]]></wp:meta_value>
		</wp:postmeta>
							<wp:postmeta>
		<wp:meta_key><![CDATA[total_sales]]></wp:meta_key>
		<wp:meta_value><![CDATA[0]]></wp:meta_value>
		</wp:postmeta>
							<wp:postmeta>
		<wp:meta_key><![CDATA[_tax_status]]></wp:meta_key>
		<wp:meta_value><![CDATA[taxable]]></wp:meta_value>
		</wp:postmeta>
							<wp:postmeta>
		<wp:meta_key><![CDATA[_tax_class]]></wp:meta_key>
		<wp:meta_value><![CDATA[]]></wp:meta_value>
		</wp:postmeta>
							<wp:postmeta>
		<wp:meta_key><![CDATA[_manage_stock]]></wp:meta_key>
		<wp:meta_value><![CDATA[no]]></wp:meta_value>
		</wp:postmeta>
							<wp:postmeta>
		<wp:meta_key><![CDATA[_backorders]]></wp:meta_key>
		<wp:meta_value><![CDATA[no]]></wp:meta_value>
		</wp:postmeta>
							<wp:postmeta>
		<wp:meta_key><![CDATA[_low_stock_amount]]></wp:meta_key>
		<wp:meta_value><![CDATA[]]></wp:meta_value>
		</wp:postmeta>
							<wp:postmeta>
		<wp:meta_key><![CDATA[_sold_individually]]></wp:meta_key>
		<wp:meta_value><![CDATA[no]]></wp:meta_value>
		</wp:postmeta>
							<wp:postmeta>
		<wp:meta_key><![CDATA[_weight]]></wp:meta_key>
		<wp:meta_value><![CDATA[]]></wp:meta_value>
		</wp:postmeta>
							<wp:postmeta>
		<wp:meta_key><![CDATA[_length]]></wp:meta_key>
		<wp:meta_value><![CDATA[]]></wp:meta_value>
		</wp:postmeta>
							<wp:postmeta>
		<wp:meta_key><![CDATA[_width]]></wp:meta_key>
		<wp:meta_value><![CDATA[]]></wp:meta_value>
		</wp:postmeta>
							<wp:postmeta>
		<wp:meta_key><![CDATA[_height]]></wp:meta_key>
		<wp:meta_value><![CDATA[]]></wp:meta_value>
		</wp:postmeta>
							<wp:postmeta>
		<wp:meta_key><![CDATA[_upsell_ids]]></wp:meta_key>
		<wp:meta_value><![CDATA[a:0:{}]]></wp:meta_value>
		</wp:postmeta>
							<wp:postmeta>
		<wp:meta_key><![CDATA[_crosssell_ids]]></wp:meta_key>
		<wp:meta_value><![CDATA[a:0:{}]]></wp:meta_value>
		</wp:postmeta>
							<wp:postmeta>
		<wp:meta_key><![CDATA[_purchase_note]]></wp:meta_key>
		<wp:meta_value><![CDATA[]]></wp:meta_value>
		</wp:postmeta>
							<wp:postmeta>
		<wp:meta_key><![CDATA[_default_attributes]]></wp:meta_key>
		<wp:meta_value><![CDATA[a:0:{}]]></wp:meta_value>
		</wp:postmeta>
							<wp:postmeta>
		<wp:meta_key><![CDATA[_virtual]]></wp:meta_key>
		<wp:meta_value><![CDATA[no]]></wp:meta_value>
		</wp:postmeta>
							<wp:postmeta>
		<wp:meta_key><![CDATA[_downloadable]]></wp:meta_key>
		<wp:meta_value><![CDATA[no]]></wp:meta_value>
		</wp:postmeta>
							<wp:postmeta>
		<wp:meta_key><![CDATA[_product_image_gallery]]></wp:meta_key>
		<wp:meta_value><![CDATA[3271,3273,3272]]></wp:meta_value>
		</wp:postmeta>
							<wp:postmeta>
		<wp:meta_key><![CDATA[_download_limit]]></wp:meta_key>
		<wp:meta_value><![CDATA[-1]]></wp:meta_value>
		</wp:postmeta>
							<wp:postmeta>
		<wp:meta_key><![CDATA[_download_expiry]]></wp:meta_key>
		<wp:meta_value><![CDATA[-1]]></wp:meta_value>
		</wp:postmeta>
							<wp:postmeta>
		<wp:meta_key><![CDATA[_stock]]></wp:meta_key>
		<wp:meta_value><![CDATA[]]></wp:meta_value>
		</wp:postmeta>
							<wp:postmeta>
		<wp:meta_key><![CDATA[_stock_status]]></wp:meta_key>
		<wp:meta_value><![CDATA[instock]]></wp:meta_value>
		</wp:postmeta>
							<wp:postmeta>
		<wp:meta_key><![CDATA[_product_version]]></wp:meta_key>
		<wp:meta_value><![CDATA[3.5.7]]></wp:meta_value>
		</wp:postmeta>
							<wp:postmeta>
		<wp:meta_key><![CDATA[_price]]></wp:meta_key>
		<wp:meta_value><![CDATA[19.99]]></wp:meta_value>
		</wp:postmeta>
							<wp:postmeta>
		<wp:meta_key><![CDATA[_wp_old_date]]></wp:meta_key>
		<wp:meta_value><![CDATA[2019-03-20]]></wp:meta_value>
		</wp:postmeta>
							</item>
					<item>
		<title>Kain Necklace</title>
		<link>http://127.0.0.1:8080/wordpress/product/dylain-kain-necklace/</link>
		<pubDate>Wed, 20 Feb 2019 10:48:14 +0000</pubDate>
		<dc:creator><![CDATA[user]]></dc:creator>
		<guid isPermaLink="false">http://localhost:8888/wordpress/?post_type=product&#038;p=3274</guid>
		<description></description>
		<content:encoded><![CDATA[
						]]></content:encoded>
		<excerpt:encoded><![CDATA[
				In vel consequat massa. Sed lorem elit, facilisis sit amet commodo nec, dignissim sed diam. Maecenas ornare orci ac velit mollis, ac condimentum ipsum malesuada. Vestibulum risus erat, luctus id efficitur.

Nam sollicitudin, urna in consectetur malesuada, augue mi mollis velit, quis interdum enim ex eu est.		]]></excerpt:encoded>
		<wp:post_id>3274</wp:post_id>
		<wp:post_date><![CDATA[2019-02-20 10:48:14]]></wp:post_date>
		<wp:post_date_gmt><![CDATA[2019-02-20 10:48:14]]></wp:post_date_gmt>
		<wp:comment_status><![CDATA[closed]]></wp:comment_status>
		<wp:ping_status><![CDATA[closed]]></wp:ping_status>
		<wp:post_name><![CDATA[dylain-kain-necklace]]></wp:post_name>
		<wp:status><![CDATA[publish]]></wp:status>
		<wp:post_parent>0</wp:post_parent>
		<wp:menu_order>0</wp:menu_order>
		<wp:post_type><![CDATA[product]]></wp:post_type>
		<wp:post_password><![CDATA[]]></wp:post_password>
		<wp:is_sticky>0</wp:is_sticky>
										<category domain="product_cat" nicename="jewellery"><![CDATA[Jewellery]]></category>
		<category domain="product_type" nicename="simple"><![CDATA[simple]]></category>
						<wp:postmeta>
		<wp:meta_key><![CDATA[_wc_review_count]]></wp:meta_key>
		<wp:meta_value><![CDATA[0]]></wp:meta_value>
		</wp:postmeta>
							<wp:postmeta>
		<wp:meta_key><![CDATA[_wc_rating_count]]></wp:meta_key>
		<wp:meta_value><![CDATA[a:0:{}]]></wp:meta_value>
		</wp:postmeta>
							<wp:postmeta>
		<wp:meta_key><![CDATA[_wc_average_rating]]></wp:meta_key>
		<wp:meta_value><![CDATA[0]]></wp:meta_value>
		</wp:postmeta>
							<wp:postmeta>
		<wp:meta_key><![CDATA[_edit_last]]></wp:meta_key>
		<wp:meta_value><![CDATA[1]]></wp:meta_value>
		</wp:postmeta>
							<wp:postmeta>
		<wp:meta_key><![CDATA[_thumbnail_id]]></wp:meta_key>
		<wp:meta_value><![CDATA[3275]]></wp:meta_value>
		</wp:postmeta>
							<wp:postmeta>
		<wp:meta_key><![CDATA[_sku]]></wp:meta_key>
		<wp:meta_value><![CDATA[31234]]></wp:meta_value>
		</wp:postmeta>
							<wp:postmeta>
		<wp:meta_key><![CDATA[_regular_price]]></wp:meta_key>
		<wp:meta_value><![CDATA[299.00]]></wp:meta_value>
		</wp:postmeta>
							<wp:postmeta>
		<wp:meta_key><![CDATA[_sale_price]]></wp:meta_key>
		<wp:meta_value><![CDATA[]]></wp:meta_value>
		</wp:postmeta>
							<wp:postmeta>
		<wp:meta_key><![CDATA[_sale_price_dates_from]]></wp:meta_key>
		<wp:meta_value><![CDATA[]]></wp:meta_value>
		</wp:postmeta>
							<wp:postmeta>
		<wp:meta_key><![CDATA[_sale_price_dates_to]]></wp:meta_key>
		<wp:meta_value><![CDATA[]]></wp:meta_value>
		</wp:postmeta>
							<wp:postmeta>
		<wp:meta_key><![CDATA[total_sales]]></wp:meta_key>
		<wp:meta_value><![CDATA[0]]></wp:meta_value>
		</wp:postmeta>
							<wp:postmeta>
		<wp:meta_key><![CDATA[_tax_status]]></wp:meta_key>
		<wp:meta_value><![CDATA[taxable]]></wp:meta_value>
		</wp:postmeta>
							<wp:postmeta>
		<wp:meta_key><![CDATA[_tax_class]]></wp:meta_key>
		<wp:meta_value><![CDATA[]]></wp:meta_value>
		</wp:postmeta>
							<wp:postmeta>
		<wp:meta_key><![CDATA[_manage_stock]]></wp:meta_key>
		<wp:meta_value><![CDATA[no]]></wp:meta_value>
		</wp:postmeta>
							<wp:postmeta>
		<wp:meta_key><![CDATA[_backorders]]></wp:meta_key>
		<wp:meta_value><![CDATA[no]]></wp:meta_value>
		</wp:postmeta>
							<wp:postmeta>
		<wp:meta_key><![CDATA[_low_stock_amount]]></wp:meta_key>
		<wp:meta_value><![CDATA[]]></wp:meta_value>
		</wp:postmeta>
							<wp:postmeta>
		<wp:meta_key><![CDATA[_sold_individually]]></wp:meta_key>
		<wp:meta_value><![CDATA[no]]></wp:meta_value>
		</wp:postmeta>
							<wp:postmeta>
		<wp:meta_key><![CDATA[_weight]]></wp:meta_key>
		<wp:meta_value><![CDATA[]]></wp:meta_value>
		</wp:postmeta>
							<wp:postmeta>
		<wp:meta_key><![CDATA[_length]]></wp:meta_key>
		<wp:meta_value><![CDATA[]]></wp:meta_value>
		</wp:postmeta>
							<wp:postmeta>
		<wp:meta_key><![CDATA[_width]]></wp:meta_key>
		<wp:meta_value><![CDATA[]]></wp:meta_value>
		</wp:postmeta>
							<wp:postmeta>
		<wp:meta_key><![CDATA[_height]]></wp:meta_key>
		<wp:meta_value><![CDATA[]]></wp:meta_value>
		</wp:postmeta>
							<wp:postmeta>
		<wp:meta_key><![CDATA[_upsell_ids]]></wp:meta_key>
		<wp:meta_value><![CDATA[a:0:{}]]></wp:meta_value>
		</wp:postmeta>
							<wp:postmeta>
		<wp:meta_key><![CDATA[_crosssell_ids]]></wp:meta_key>
		<wp:meta_value><![CDATA[a:0:{}]]></wp:meta_value>
		</wp:postmeta>
							<wp:postmeta>
		<wp:meta_key><![CDATA[_purchase_note]]></wp:meta_key>
		<wp:meta_value><![CDATA[]]></wp:meta_value>
		</wp:postmeta>
							<wp:postmeta>
		<wp:meta_key><![CDATA[_default_attributes]]></wp:meta_key>
		<wp:meta_value><![CDATA[a:0:{}]]></wp:meta_value>
		</wp:postmeta>
							<wp:postmeta>
		<wp:meta_key><![CDATA[_virtual]]></wp:meta_key>
		<wp:meta_value><![CDATA[no]]></wp:meta_value>
		</wp:postmeta>
							<wp:postmeta>
		<wp:meta_key><![CDATA[_downloadable]]></wp:meta_key>
		<wp:meta_value><![CDATA[no]]></wp:meta_value>
		</wp:postmeta>
							<wp:postmeta>
		<wp:meta_key><![CDATA[_product_image_gallery]]></wp:meta_key>
		<wp:meta_value><![CDATA[3276,3277,3278]]></wp:meta_value>
		</wp:postmeta>
							<wp:postmeta>
		<wp:meta_key><![CDATA[_download_limit]]></wp:meta_key>
		<wp:meta_value><![CDATA[-1]]></wp:meta_value>
		</wp:postmeta>
							<wp:postmeta>
		<wp:meta_key><![CDATA[_download_expiry]]></wp:meta_key>
		<wp:meta_value><![CDATA[-1]]></wp:meta_value>
		</wp:postmeta>
							<wp:postmeta>
		<wp:meta_key><![CDATA[_stock]]></wp:meta_key>
		<wp:meta_value><![CDATA[]]></wp:meta_value>
		</wp:postmeta>
							<wp:postmeta>
		<wp:meta_key><![CDATA[_stock_status]]></wp:meta_key>
		<wp:meta_value><![CDATA[instock]]></wp:meta_value>
		</wp:postmeta>
							<wp:postmeta>
		<wp:meta_key><![CDATA[_product_version]]></wp:meta_key>
		<wp:meta_value><![CDATA[3.5.7]]></wp:meta_value>
		</wp:postmeta>
							<wp:postmeta>
		<wp:meta_key><![CDATA[_price]]></wp:meta_key>
		<wp:meta_value><![CDATA[299.00]]></wp:meta_value>
		</wp:postmeta>
							<wp:postmeta>
		<wp:meta_key><![CDATA[_wp_old_date]]></wp:meta_key>
		<wp:meta_value><![CDATA[2019-03-20]]></wp:meta_value>
		</wp:postmeta>
							</item>
					<item>
		<title>Chopped Shirt</title>
		<link>http://127.0.0.1:8080/wordpress/product/rebecca-chopped-shirt/</link>
		<pubDate>Wed, 20 Feb 2019 10:47:06 +0000</pubDate>
		<dc:creator><![CDATA[user]]></dc:creator>
		<guid isPermaLink="false">http://localhost:8888/wordpress/?post_type=product&#038;p=3279</guid>
		<description></description>
		<content:encoded><![CDATA[
						]]></content:encoded>
		<excerpt:encoded><![CDATA[
				In vel consequat massa. Sed lorem elit, facilisis sit amet commodo nec, dignissim sed diam. Maecenas ornare orci ac velit mollis, ac condimentum ipsum malesuada. Vestibulum risus erat, luctus id efficitur.

Nam sollicitudin, urna in consectetur malesuada, augue mi mollis velit, quis interdum enim ex eu est.		]]></excerpt:encoded>
		<wp:post_id>3279</wp:post_id>
		<wp:post_date><![CDATA[2019-02-20 10:47:06]]></wp:post_date>
		<wp:post_date_gmt><![CDATA[2019-02-20 10:47:06]]></wp:post_date_gmt>
		<wp:comment_status><![CDATA[closed]]></wp:comment_status>
		<wp:ping_status><![CDATA[closed]]></wp:ping_status>
		<wp:post_name><![CDATA[rebecca-chopped-shirt]]></wp:post_name>
		<wp:status><![CDATA[publish]]></wp:status>
		<wp:post_parent>0</wp:post_parent>
		<wp:menu_order>0</wp:menu_order>
		<wp:post_type><![CDATA[product]]></wp:post_type>
		<wp:post_password><![CDATA[]]></wp:post_password>
		<wp:is_sticky>0</wp:is_sticky>
										<category domain="product_cat" nicename="cotton"><![CDATA[Cotton]]></category>
		<category domain="product_type" nicename="simple"><![CDATA[simple]]></category>
		<category domain="product_cat" nicename="singlets"><![CDATA[Singlets]]></category>
						<wp:postmeta>
		<wp:meta_key><![CDATA[_wc_review_count]]></wp:meta_key>
		<wp:meta_value><![CDATA[0]]></wp:meta_value>
		</wp:postmeta>
							<wp:postmeta>
		<wp:meta_key><![CDATA[_wc_rating_count]]></wp:meta_key>
		<wp:meta_value><![CDATA[a:0:{}]]></wp:meta_value>
		</wp:postmeta>
							<wp:postmeta>
		<wp:meta_key><![CDATA[_wc_average_rating]]></wp:meta_key>
		<wp:meta_value><![CDATA[0]]></wp:meta_value>
		</wp:postmeta>
							<wp:postmeta>
		<wp:meta_key><![CDATA[_edit_last]]></wp:meta_key>
		<wp:meta_value><![CDATA[1]]></wp:meta_value>
		</wp:postmeta>
							<wp:postmeta>
		<wp:meta_key><![CDATA[_thumbnail_id]]></wp:meta_key>
		<wp:meta_value><![CDATA[3280]]></wp:meta_value>
		</wp:postmeta>
							<wp:postmeta>
		<wp:meta_key><![CDATA[_sku]]></wp:meta_key>
		<wp:meta_value><![CDATA[41234]]></wp:meta_value>
		</wp:postmeta>
							<wp:postmeta>
		<wp:meta_key><![CDATA[_regular_price]]></wp:meta_key>
		<wp:meta_value><![CDATA[29.95]]></wp:meta_value>
		</wp:postmeta>
							<wp:postmeta>
		<wp:meta_key><![CDATA[_sale_price]]></wp:meta_key>
		<wp:meta_value><![CDATA[]]></wp:meta_value>
		</wp:postmeta>
							<wp:postmeta>
		<wp:meta_key><![CDATA[_sale_price_dates_from]]></wp:meta_key>
		<wp:meta_value><![CDATA[]]></wp:meta_value>
		</wp:postmeta>
							<wp:postmeta>
		<wp:meta_key><![CDATA[_sale_price_dates_to]]></wp:meta_key>
		<wp:meta_value><![CDATA[]]></wp:meta_value>
		</wp:postmeta>
							<wp:postmeta>
		<wp:meta_key><![CDATA[total_sales]]></wp:meta_key>
		<wp:meta_value><![CDATA[0]]></wp:meta_value>
		</wp:postmeta>
							<wp:postmeta>
		<wp:meta_key><![CDATA[_tax_status]]></wp:meta_key>
		<wp:meta_value><![CDATA[taxable]]></wp:meta_value>
		</wp:postmeta>
							<wp:postmeta>
		<wp:meta_key><![CDATA[_tax_class]]></wp:meta_key>
		<wp:meta_value><![CDATA[]]></wp:meta_value>
		</wp:postmeta>
							<wp:postmeta>
		<wp:meta_key><![CDATA[_manage_stock]]></wp:meta_key>
		<wp:meta_value><![CDATA[no]]></wp:meta_value>
		</wp:postmeta>
							<wp:postmeta>
		<wp:meta_key><![CDATA[_backorders]]></wp:meta_key>
		<wp:meta_value><![CDATA[no]]></wp:meta_value>
		</wp:postmeta>
							<wp:postmeta>
		<wp:meta_key><![CDATA[_low_stock_amount]]></wp:meta_key>
		<wp:meta_value><![CDATA[]]></wp:meta_value>
		</wp:postmeta>
							<wp:postmeta>
		<wp:meta_key><![CDATA[_sold_individually]]></wp:meta_key>
		<wp:meta_value><![CDATA[no]]></wp:meta_value>
		</wp:postmeta>
							<wp:postmeta>
		<wp:meta_key><![CDATA[_weight]]></wp:meta_key>
		<wp:meta_value><![CDATA[]]></wp:meta_value>
		</wp:postmeta>
							<wp:postmeta>
		<wp:meta_key><![CDATA[_length]]></wp:meta_key>
		<wp:meta_value><![CDATA[]]></wp:meta_value>
		</wp:postmeta>
							<wp:postmeta>
		<wp:meta_key><![CDATA[_width]]></wp:meta_key>
		<wp:meta_value><![CDATA[]]></wp:meta_value>
		</wp:postmeta>
							<wp:postmeta>
		<wp:meta_key><![CDATA[_height]]></wp:meta_key>
		<wp:meta_value><![CDATA[]]></wp:meta_value>
		</wp:postmeta>
							<wp:postmeta>
		<wp:meta_key><![CDATA[_upsell_ids]]></wp:meta_key>
		<wp:meta_value><![CDATA[a:0:{}]]></wp:meta_value>
		</wp:postmeta>
							<wp:postmeta>
		<wp:meta_key><![CDATA[_crosssell_ids]]></wp:meta_key>
		<wp:meta_value><![CDATA[a:0:{}]]></wp:meta_value>
		</wp:postmeta>
							<wp:postmeta>
		<wp:meta_key><![CDATA[_purchase_note]]></wp:meta_key>
		<wp:meta_value><![CDATA[]]></wp:meta_value>
		</wp:postmeta>
							<wp:postmeta>
		<wp:meta_key><![CDATA[_default_attributes]]></wp:meta_key>
		<wp:meta_value><![CDATA[a:0:{}]]></wp:meta_value>
		</wp:postmeta>
							<wp:postmeta>
		<wp:meta_key><![CDATA[_virtual]]></wp:meta_key>
		<wp:meta_value><![CDATA[no]]></wp:meta_value>
		</wp:postmeta>
							<wp:postmeta>
		<wp:meta_key><![CDATA[_downloadable]]></wp:meta_key>
		<wp:meta_value><![CDATA[no]]></wp:meta_value>
		</wp:postmeta>
							<wp:postmeta>
		<wp:meta_key><![CDATA[_product_image_gallery]]></wp:meta_key>
		<wp:meta_value><![CDATA[3281,3282,3284]]></wp:meta_value>
		</wp:postmeta>
							<wp:postmeta>
		<wp:meta_key><![CDATA[_download_limit]]></wp:meta_key>
		<wp:meta_value><![CDATA[-1]]></wp:meta_value>
		</wp:postmeta>
							<wp:postmeta>
		<wp:meta_key><![CDATA[_download_expiry]]></wp:meta_key>
		<wp:meta_value><![CDATA[-1]]></wp:meta_value>
		</wp:postmeta>
							<wp:postmeta>
		<wp:meta_key><![CDATA[_stock]]></wp:meta_key>
		<wp:meta_value><![CDATA[]]></wp:meta_value>
		</wp:postmeta>
							<wp:postmeta>
		<wp:meta_key><![CDATA[_stock_status]]></wp:meta_key>
		<wp:meta_value><![CDATA[instock]]></wp:meta_value>
		</wp:postmeta>
							<wp:postmeta>
		<wp:meta_key><![CDATA[_product_version]]></wp:meta_key>
		<wp:meta_value><![CDATA[3.5.7]]></wp:meta_value>
		</wp:postmeta>
							<wp:postmeta>
		<wp:meta_key><![CDATA[_price]]></wp:meta_key>
		<wp:meta_value><![CDATA[29.95]]></wp:meta_value>
		</wp:postmeta>
							<wp:postmeta>
		<wp:meta_key><![CDATA[_wp_old_date]]></wp:meta_key>
		<wp:meta_value><![CDATA[2019-03-20]]></wp:meta_value>
		</wp:postmeta>
							</item>
					<item>
		<title>Mid-Rise Jeggings</title>
		<link>http://127.0.0.1:8080/wordpress/product/mid-rise-jeggings/</link>
		<pubDate>Wed, 20 Feb 2019 10:39:38 +0000</pubDate>
		<dc:creator><![CDATA[user]]></dc:creator>
		<guid isPermaLink="false">http://localhost:8888/wordpress/?post_type=product&#038;p=3285</guid>
		<description></description>
		<content:encoded><![CDATA[
						]]></content:encoded>
		<excerpt:encoded><![CDATA[
				In vel consequat massa. Sed lorem elit, facilisis sit amet commodo nec, dignissim sed diam. Maecenas ornare orci ac velit mollis, ac condimentum ipsum malesuada. Vestibulum risus erat, luctus id efficitur.

Nam sollicitudin, urna in consectetur malesuada, augue mi mollis velit, quis interdum enim ex eu est.		]]></excerpt:encoded>
		<wp:post_id>3285</wp:post_id>
		<wp:post_date><![CDATA[2019-02-20 10:39:38]]></wp:post_date>
		<wp:post_date_gmt><![CDATA[2019-02-20 10:39:38]]></wp:post_date_gmt>
		<wp:comment_status><![CDATA[closed]]></wp:comment_status>
		<wp:ping_status><![CDATA[closed]]></wp:ping_status>
		<wp:post_name><![CDATA[mid-rise-jeggings]]></wp:post_name>
		<wp:status><![CDATA[publish]]></wp:status>
		<wp:post_parent>0</wp:post_parent>
		<wp:menu_order>0</wp:menu_order>
		<wp:post_type><![CDATA[product]]></wp:post_type>
		<wp:post_password><![CDATA[]]></wp:post_password>
		<wp:is_sticky>0</wp:is_sticky>
										<category domain="product_cat" nicename="cotton"><![CDATA[Cotton]]></category>
		<category domain="product_cat" nicename="jeans"><![CDATA[Jeans]]></category>
		<category domain="product_type" nicename="simple"><![CDATA[simple]]></category>
						<wp:postmeta>
		<wp:meta_key><![CDATA[_wc_review_count]]></wp:meta_key>
		<wp:meta_value><![CDATA[0]]></wp:meta_value>
		</wp:postmeta>
							<wp:postmeta>
		<wp:meta_key><![CDATA[_wc_rating_count]]></wp:meta_key>
		<wp:meta_value><![CDATA[a:0:{}]]></wp:meta_value>
		</wp:postmeta>
							<wp:postmeta>
		<wp:meta_key><![CDATA[_wc_average_rating]]></wp:meta_key>
		<wp:meta_value><![CDATA[0]]></wp:meta_value>
		</wp:postmeta>
							<wp:postmeta>
		<wp:meta_key><![CDATA[_edit_last]]></wp:meta_key>
		<wp:meta_value><![CDATA[1]]></wp:meta_value>
		</wp:postmeta>
							<wp:postmeta>
		<wp:meta_key><![CDATA[_thumbnail_id]]></wp:meta_key>
		<wp:meta_value><![CDATA[3287]]></wp:meta_value>
		</wp:postmeta>
							<wp:postmeta>
		<wp:meta_key><![CDATA[_sku]]></wp:meta_key>
		<wp:meta_value><![CDATA[51234]]></wp:meta_value>
		</wp:postmeta>
							<wp:postmeta>
		<wp:meta_key><![CDATA[_regular_price]]></wp:meta_key>
		<wp:meta_value><![CDATA[29.95]]></wp:meta_value>
		</wp:postmeta>
							<wp:postmeta>
		<wp:meta_key><![CDATA[_sale_price]]></wp:meta_key>
		<wp:meta_value><![CDATA[]]></wp:meta_value>
		</wp:postmeta>
							<wp:postmeta>
		<wp:meta_key><![CDATA[_sale_price_dates_from]]></wp:meta_key>
		<wp:meta_value><![CDATA[]]></wp:meta_value>
		</wp:postmeta>
							<wp:postmeta>
		<wp:meta_key><![CDATA[_sale_price_dates_to]]></wp:meta_key>
		<wp:meta_value><![CDATA[]]></wp:meta_value>
		</wp:postmeta>
							<wp:postmeta>
		<wp:meta_key><![CDATA[total_sales]]></wp:meta_key>
		<wp:meta_value><![CDATA[0]]></wp:meta_value>
		</wp:postmeta>
							<wp:postmeta>
		<wp:meta_key><![CDATA[_tax_status]]></wp:meta_key>
		<wp:meta_value><![CDATA[taxable]]></wp:meta_value>
		</wp:postmeta>
							<wp:postmeta>
		<wp:meta_key><![CDATA[_tax_class]]></wp:meta_key>
		<wp:meta_value><![CDATA[]]></wp:meta_value>
		</wp:postmeta>
							<wp:postmeta>
		<wp:meta_key><![CDATA[_manage_stock]]></wp:meta_key>
		<wp:meta_value><![CDATA[no]]></wp:meta_value>
		</wp:postmeta>
							<wp:postmeta>
		<wp:meta_key><![CDATA[_backorders]]></wp:meta_key>
		<wp:meta_value><![CDATA[no]]></wp:meta_value>
		</wp:postmeta>
							<wp:postmeta>
		<wp:meta_key><![CDATA[_low_stock_amount]]></wp:meta_key>
		<wp:meta_value><![CDATA[]]></wp:meta_value>
		</wp:postmeta>
							<wp:postmeta>
		<wp:meta_key><![CDATA[_sold_individually]]></wp:meta_key>
		<wp:meta_value><![CDATA[no]]></wp:meta_value>
		</wp:postmeta>
							<wp:postmeta>
		<wp:meta_key><![CDATA[_weight]]></wp:meta_key>
		<wp:meta_value><![CDATA[]]></wp:meta_value>
		</wp:postmeta>
							<wp:postmeta>
		<wp:meta_key><![CDATA[_length]]></wp:meta_key>
		<wp:meta_value><![CDATA[]]></wp:meta_value>
		</wp:postmeta>
							<wp:postmeta>
		<wp:meta_key><![CDATA[_width]]></wp:meta_key>
		<wp:meta_value><![CDATA[]]></wp:meta_value>
		</wp:postmeta>
							<wp:postmeta>
		<wp:meta_key><![CDATA[_height]]></wp:meta_key>
		<wp:meta_value><![CDATA[]]></wp:meta_value>
		</wp:postmeta>
							<wp:postmeta>
		<wp:meta_key><![CDATA[_upsell_ids]]></wp:meta_key>
		<wp:meta_value><![CDATA[a:0:{}]]></wp:meta_value>
		</wp:postmeta>
							<wp:postmeta>
		<wp:meta_key><![CDATA[_crosssell_ids]]></wp:meta_key>
		<wp:meta_value><![CDATA[a:0:{}]]></wp:meta_value>
		</wp:postmeta>
							<wp:postmeta>
		<wp:meta_key><![CDATA[_purchase_note]]></wp:meta_key>
		<wp:meta_value><![CDATA[]]></wp:meta_value>
		</wp:postmeta>
							<wp:postmeta>
		<wp:meta_key><![CDATA[_default_attributes]]></wp:meta_key>
		<wp:meta_value><![CDATA[a:0:{}]]></wp:meta_value>
		</wp:postmeta>
							<wp:postmeta>
		<wp:meta_key><![CDATA[_virtual]]></wp:meta_key>
		<wp:meta_value><![CDATA[no]]></wp:meta_value>
		</wp:postmeta>
							<wp:postmeta>
		<wp:meta_key><![CDATA[_downloadable]]></wp:meta_key>
		<wp:meta_value><![CDATA[no]]></wp:meta_value>
		</wp:postmeta>
							<wp:postmeta>
		<wp:meta_key><![CDATA[_product_image_gallery]]></wp:meta_key>
		<wp:meta_value><![CDATA[3286,3288,3289]]></wp:meta_value>
		</wp:postmeta>
							<wp:postmeta>
		<wp:meta_key><![CDATA[_download_limit]]></wp:meta_key>
		<wp:meta_value><![CDATA[-1]]></wp:meta_value>
		</wp:postmeta>
							<wp:postmeta>
		<wp:meta_key><![CDATA[_download_expiry]]></wp:meta_key>
		<wp:meta_value><![CDATA[-1]]></wp:meta_value>
		</wp:postmeta>
							<wp:postmeta>
		<wp:meta_key><![CDATA[_stock]]></wp:meta_key>
		<wp:meta_value><![CDATA[]]></wp:meta_value>
		</wp:postmeta>
							<wp:postmeta>
		<wp:meta_key><![CDATA[_stock_status]]></wp:meta_key>
		<wp:meta_value><![CDATA[instock]]></wp:meta_value>
		</wp:postmeta>
							<wp:postmeta>
		<wp:meta_key><![CDATA[_product_version]]></wp:meta_key>
		<wp:meta_value><![CDATA[3.5.7]]></wp:meta_value>
		</wp:postmeta>
							<wp:postmeta>
		<wp:meta_key><![CDATA[_price]]></wp:meta_key>
		<wp:meta_value><![CDATA[29.95]]></wp:meta_value>
		</wp:postmeta>
							<wp:postmeta>
		<wp:meta_key><![CDATA[_wp_old_date]]></wp:meta_key>
		<wp:meta_value><![CDATA[2019-03-20]]></wp:meta_value>
		</wp:postmeta>
							</item>
					<item>
		<title>Woven Jumpsuit</title>
		<link>http://127.0.0.1:8080/wordpress/product/woven-jumpsuit/</link>
		<pubDate>Wed, 20 Feb 2019 10:28:46 +0000</pubDate>
		<dc:creator><![CDATA[user]]></dc:creator>
		<guid isPermaLink="false">http://localhost:8888/wordpress/?post_type=product&#038;p=3290</guid>
		<description></description>
		<content:encoded><![CDATA[
						]]></content:encoded>
		<excerpt:encoded><![CDATA[
				In vel consequat massa. Sed lorem elit, facilisis sit amet commodo nec, dignissim sed diam. Maecenas ornare orci ac velit mollis, ac condimentum ipsum malesuada. Vestibulum risus erat, luctus id efficitur.

Nam sollicitudin, urna in consectetur malesuada, augue mi mollis velit, quis interdum enim ex eu est.		]]></excerpt:encoded>
		<wp:post_id>3290</wp:post_id>
		<wp:post_date><![CDATA[2019-02-20 10:28:46]]></wp:post_date>
		<wp:post_date_gmt><![CDATA[2019-02-20 10:28:46]]></wp:post_date_gmt>
		<wp:comment_status><![CDATA[closed]]></wp:comment_status>
		<wp:ping_status><![CDATA[closed]]></wp:ping_status>
		<wp:post_name><![CDATA[woven-jumpsuit]]></wp:post_name>
		<wp:status><![CDATA[publish]]></wp:status>
		<wp:post_parent>0</wp:post_parent>
		<wp:menu_order>0</wp:menu_order>
		<wp:post_type><![CDATA[product]]></wp:post_type>
		<wp:post_password><![CDATA[]]></wp:post_password>
		<wp:is_sticky>0</wp:is_sticky>
										<category domain="product_cat" nicename="cotton"><![CDATA[Cotton]]></category>
		<category domain="product_cat" nicename="jeans"><![CDATA[Jeans]]></category>
		<category domain="product_type" nicename="simple"><![CDATA[simple]]></category>
						<wp:postmeta>
		<wp:meta_key><![CDATA[_wc_review_count]]></wp:meta_key>
		<wp:meta_value><![CDATA[0]]></wp:meta_value>
		</wp:postmeta>
							<wp:postmeta>
		<wp:meta_key><![CDATA[_wc_rating_count]]></wp:meta_key>
		<wp:meta_value><![CDATA[a:0:{}]]></wp:meta_value>
		</wp:postmeta>
							<wp:postmeta>
		<wp:meta_key><![CDATA[_wc_average_rating]]></wp:meta_key>
		<wp:meta_value><![CDATA[0]]></wp:meta_value>
		</wp:postmeta>
							<wp:postmeta>
		<wp:meta_key><![CDATA[_edit_last]]></wp:meta_key>
		<wp:meta_value><![CDATA[1]]></wp:meta_value>
		</wp:postmeta>
							<wp:postmeta>
		<wp:meta_key><![CDATA[_thumbnail_id]]></wp:meta_key>
		<wp:meta_value><![CDATA[3291]]></wp:meta_value>
		</wp:postmeta>
							<wp:postmeta>
		<wp:meta_key><![CDATA[_sku]]></wp:meta_key>
		<wp:meta_value><![CDATA[91234]]></wp:meta_value>
		</wp:postmeta>
							<wp:postmeta>
		<wp:meta_key><![CDATA[_regular_price]]></wp:meta_key>
		<wp:meta_value><![CDATA[44.99]]></wp:meta_value>
		</wp:postmeta>
							<wp:postmeta>
		<wp:meta_key><![CDATA[_sale_price]]></wp:meta_key>
		<wp:meta_value><![CDATA[]]></wp:meta_value>
		</wp:postmeta>
							<wp:postmeta>
		<wp:meta_key><![CDATA[_sale_price_dates_from]]></wp:meta_key>
		<wp:meta_value><![CDATA[]]></wp:meta_value>
		</wp:postmeta>
							<wp:postmeta>
		<wp:meta_key><![CDATA[_sale_price_dates_to]]></wp:meta_key>
		<wp:meta_value><![CDATA[]]></wp:meta_value>
		</wp:postmeta>
							<wp:postmeta>
		<wp:meta_key><![CDATA[total_sales]]></wp:meta_key>
		<wp:meta_value><![CDATA[0]]></wp:meta_value>
		</wp:postmeta>
							<wp:postmeta>
		<wp:meta_key><![CDATA[_tax_status]]></wp:meta_key>
		<wp:meta_value><![CDATA[taxable]]></wp:meta_value>
		</wp:postmeta>
							<wp:postmeta>
		<wp:meta_key><![CDATA[_tax_class]]></wp:meta_key>
		<wp:meta_value><![CDATA[]]></wp:meta_value>
		</wp:postmeta>
							<wp:postmeta>
		<wp:meta_key><![CDATA[_manage_stock]]></wp:meta_key>
		<wp:meta_value><![CDATA[no]]></wp:meta_value>
		</wp:postmeta>
							<wp:postmeta>
		<wp:meta_key><![CDATA[_backorders]]></wp:meta_key>
		<wp:meta_value><![CDATA[no]]></wp:meta_value>
		</wp:postmeta>
							<wp:postmeta>
		<wp:meta_key><![CDATA[_low_stock_amount]]></wp:meta_key>
		<wp:meta_value><![CDATA[]]></wp:meta_value>
		</wp:postmeta>
							<wp:postmeta>
		<wp:meta_key><![CDATA[_sold_individually]]></wp:meta_key>
		<wp:meta_value><![CDATA[no]]></wp:meta_value>
		</wp:postmeta>
							<wp:postmeta>
		<wp:meta_key><![CDATA[_weight]]></wp:meta_key>
		<wp:meta_value><![CDATA[]]></wp:meta_value>
		</wp:postmeta>
							<wp:postmeta>
		<wp:meta_key><![CDATA[_length]]></wp:meta_key>
		<wp:meta_value><![CDATA[]]></wp:meta_value>
		</wp:postmeta>
							<wp:postmeta>
		<wp:meta_key><![CDATA[_width]]></wp:meta_key>
		<wp:meta_value><![CDATA[]]></wp:meta_value>
		</wp:postmeta>
							<wp:postmeta>
		<wp:meta_key><![CDATA[_height]]></wp:meta_key>
		<wp:meta_value><![CDATA[]]></wp:meta_value>
		</wp:postmeta>
							<wp:postmeta>
		<wp:meta_key><![CDATA[_upsell_ids]]></wp:meta_key>
		<wp:meta_value><![CDATA[a:0:{}]]></wp:meta_value>
		</wp:postmeta>
							<wp:postmeta>
		<wp:meta_key><![CDATA[_crosssell_ids]]></wp:meta_key>
		<wp:meta_value><![CDATA[a:0:{}]]></wp:meta_value>
		</wp:postmeta>
							<wp:postmeta>
		<wp:meta_key><![CDATA[_purchase_note]]></wp:meta_key>
		<wp:meta_value><![CDATA[]]></wp:meta_value>
		</wp:postmeta>
							<wp:postmeta>
		<wp:meta_key><![CDATA[_default_attributes]]></wp:meta_key>
		<wp:meta_value><![CDATA[a:0:{}]]></wp:meta_value>
		</wp:postmeta>
							<wp:postmeta>
		<wp:meta_key><![CDATA[_virtual]]></wp:meta_key>
		<wp:meta_value><![CDATA[no]]></wp:meta_value>
		</wp:postmeta>
							<wp:postmeta>
		<wp:meta_key><![CDATA[_downloadable]]></wp:meta_key>
		<wp:meta_value><![CDATA[no]]></wp:meta_value>
		</wp:postmeta>
							<wp:postmeta>
		<wp:meta_key><![CDATA[_product_image_gallery]]></wp:meta_key>
		<wp:meta_value><![CDATA[3292,3293,3294]]></wp:meta_value>
		</wp:postmeta>
							<wp:postmeta>
		<wp:meta_key><![CDATA[_download_limit]]></wp:meta_key>
		<wp:meta_value><![CDATA[-1]]></wp:meta_value>
		</wp:postmeta>
							<wp:postmeta>
		<wp:meta_key><![CDATA[_download_expiry]]></wp:meta_key>
		<wp:meta_value><![CDATA[-1]]></wp:meta_value>
		</wp:postmeta>
							<wp:postmeta>
		<wp:meta_key><![CDATA[_stock]]></wp:meta_key>
		<wp:meta_value><![CDATA[]]></wp:meta_value>
		</wp:postmeta>
							<wp:postmeta>
		<wp:meta_key><![CDATA[_stock_status]]></wp:meta_key>
		<wp:meta_value><![CDATA[instock]]></wp:meta_value>
		</wp:postmeta>
							<wp:postmeta>
		<wp:meta_key><![CDATA[_product_version]]></wp:meta_key>
		<wp:meta_value><![CDATA[3.5.7]]></wp:meta_value>
		</wp:postmeta>
							<wp:postmeta>
		<wp:meta_key><![CDATA[_price]]></wp:meta_key>
		<wp:meta_value><![CDATA[44.99]]></wp:meta_value>
		</wp:postmeta>
							<wp:postmeta>
		<wp:meta_key><![CDATA[_wp_old_date]]></wp:meta_key>
		<wp:meta_value><![CDATA[2019-03-20]]></wp:meta_value>
		</wp:postmeta>
							</item>
					<item>
		<title>High-Waisted Jeans</title>
		<link>http://127.0.0.1:8080/wordpress/product/high-waisted-utility-pants/</link>
		<pubDate>Wed, 20 Feb 2019 09:25:50 +0000</pubDate>
		<dc:creator><![CDATA[user]]></dc:creator>
		<guid isPermaLink="false">http://localhost:8888/wordpress/?post_type=product&#038;p=3295</guid>
		<description></description>
		<content:encoded><![CDATA[
						]]></content:encoded>
		<excerpt:encoded><![CDATA[
				In vel consequat massa. Sed lorem elit, facilisis sit amet commodo nec, dignissim sed diam. Maecenas ornare orci ac velit mollis, ac condimentum ipsum malesuada. Vestibulum risus erat, luctus id efficitur.

Nam sollicitudin, urna in consectetur malesuada, augue mi mollis velit, quis interdum enim ex eu est.		]]></excerpt:encoded>
		<wp:post_id>3295</wp:post_id>
		<wp:post_date><![CDATA[2019-02-20 09:25:50]]></wp:post_date>
		<wp:post_date_gmt><![CDATA[2019-02-20 09:25:50]]></wp:post_date_gmt>
		<wp:comment_status><![CDATA[closed]]></wp:comment_status>
		<wp:ping_status><![CDATA[closed]]></wp:ping_status>
		<wp:post_name><![CDATA[high-waisted-utility-pants]]></wp:post_name>
		<wp:status><![CDATA[publish]]></wp:status>
		<wp:post_parent>0</wp:post_parent>
		<wp:menu_order>0</wp:menu_order>
		<wp:post_type><![CDATA[product]]></wp:post_type>
		<wp:post_password><![CDATA[]]></wp:post_password>
		<wp:is_sticky>0</wp:is_sticky>
										<category domain="product_cat" nicename="cotton"><![CDATA[Cotton]]></category>
		<category domain="product_cat" nicename="jeans"><![CDATA[Jeans]]></category>
		<category domain="product_type" nicename="simple"><![CDATA[simple]]></category>
						<wp:postmeta>
		<wp:meta_key><![CDATA[_wc_review_count]]></wp:meta_key>
		<wp:meta_value><![CDATA[0]]></wp:meta_value>
		</wp:postmeta>
							<wp:postmeta>
		<wp:meta_key><![CDATA[_wc_rating_count]]></wp:meta_key>
		<wp:meta_value><![CDATA[a:0:{}]]></wp:meta_value>
		</wp:postmeta>
							<wp:postmeta>
		<wp:meta_key><![CDATA[_wc_average_rating]]></wp:meta_key>
		<wp:meta_value><![CDATA[0]]></wp:meta_value>
		</wp:postmeta>
							<wp:postmeta>
		<wp:meta_key><![CDATA[_edit_last]]></wp:meta_key>
		<wp:meta_value><![CDATA[1]]></wp:meta_value>
		</wp:postmeta>
							<wp:postmeta>
		<wp:meta_key><![CDATA[_thumbnail_id]]></wp:meta_key>
		<wp:meta_value><![CDATA[3343]]></wp:meta_value>
		</wp:postmeta>
							<wp:postmeta>
		<wp:meta_key><![CDATA[_sku]]></wp:meta_key>
		<wp:meta_value><![CDATA[13123]]></wp:meta_value>
		</wp:postmeta>
							<wp:postmeta>
		<wp:meta_key><![CDATA[_regular_price]]></wp:meta_key>
		<wp:meta_value><![CDATA[31.45]]></wp:meta_value>
		</wp:postmeta>
							<wp:postmeta>
		<wp:meta_key><![CDATA[_sale_price]]></wp:meta_key>
		<wp:meta_value><![CDATA[]]></wp:meta_value>
		</wp:postmeta>
							<wp:postmeta>
		<wp:meta_key><![CDATA[_sale_price_dates_from]]></wp:meta_key>
		<wp:meta_value><![CDATA[]]></wp:meta_value>
		</wp:postmeta>
							<wp:postmeta>
		<wp:meta_key><![CDATA[_sale_price_dates_to]]></wp:meta_key>
		<wp:meta_value><![CDATA[]]></wp:meta_value>
		</wp:postmeta>
							<wp:postmeta>
		<wp:meta_key><![CDATA[total_sales]]></wp:meta_key>
		<wp:meta_value><![CDATA[0]]></wp:meta_value>
		</wp:postmeta>
							<wp:postmeta>
		<wp:meta_key><![CDATA[_tax_status]]></wp:meta_key>
		<wp:meta_value><![CDATA[taxable]]></wp:meta_value>
		</wp:postmeta>
							<wp:postmeta>
		<wp:meta_key><![CDATA[_tax_class]]></wp:meta_key>
		<wp:meta_value><![CDATA[]]></wp:meta_value>
		</wp:postmeta>
							<wp:postmeta>
		<wp:meta_key><![CDATA[_manage_stock]]></wp:meta_key>
		<wp:meta_value><![CDATA[no]]></wp:meta_value>
		</wp:postmeta>
							<wp:postmeta>
		<wp:meta_key><![CDATA[_backorders]]></wp:meta_key>
		<wp:meta_value><![CDATA[no]]></wp:meta_value>
		</wp:postmeta>
							<wp:postmeta>
		<wp:meta_key><![CDATA[_low_stock_amount]]></wp:meta_key>
		<wp:meta_value><![CDATA[]]></wp:meta_value>
		</wp:postmeta>
							<wp:postmeta>
		<wp:meta_key><![CDATA[_sold_individually]]></wp:meta_key>
		<wp:meta_value><![CDATA[no]]></wp:meta_value>
		</wp:postmeta>
							<wp:postmeta>
		<wp:meta_key><![CDATA[_weight]]></wp:meta_key>
		<wp:meta_value><![CDATA[]]></wp:meta_value>
		</wp:postmeta>
							<wp:postmeta>
		<wp:meta_key><![CDATA[_length]]></wp:meta_key>
		<wp:meta_value><![CDATA[]]></wp:meta_value>
		</wp:postmeta>
							<wp:postmeta>
		<wp:meta_key><![CDATA[_width]]></wp:meta_key>
		<wp:meta_value><![CDATA[]]></wp:meta_value>
		</wp:postmeta>
							<wp:postmeta>
		<wp:meta_key><![CDATA[_height]]></wp:meta_key>
		<wp:meta_value><![CDATA[]]></wp:meta_value>
		</wp:postmeta>
							<wp:postmeta>
		<wp:meta_key><![CDATA[_upsell_ids]]></wp:meta_key>
		<wp:meta_value><![CDATA[a:0:{}]]></wp:meta_value>
		</wp:postmeta>
							<wp:postmeta>
		<wp:meta_key><![CDATA[_crosssell_ids]]></wp:meta_key>
		<wp:meta_value><![CDATA[a:0:{}]]></wp:meta_value>
		</wp:postmeta>
							<wp:postmeta>
		<wp:meta_key><![CDATA[_purchase_note]]></wp:meta_key>
		<wp:meta_value><![CDATA[]]></wp:meta_value>
		</wp:postmeta>
							<wp:postmeta>
		<wp:meta_key><![CDATA[_default_attributes]]></wp:meta_key>
		<wp:meta_value><![CDATA[a:0:{}]]></wp:meta_value>
		</wp:postmeta>
							<wp:postmeta>
		<wp:meta_key><![CDATA[_virtual]]></wp:meta_key>
		<wp:meta_value><![CDATA[no]]></wp:meta_value>
		</wp:postmeta>
							<wp:postmeta>
		<wp:meta_key><![CDATA[_downloadable]]></wp:meta_key>
		<wp:meta_value><![CDATA[no]]></wp:meta_value>
		</wp:postmeta>
							<wp:postmeta>
		<wp:meta_key><![CDATA[_product_image_gallery]]></wp:meta_key>
		<wp:meta_value><![CDATA[3344,3345,3346]]></wp:meta_value>
		</wp:postmeta>
							<wp:postmeta>
		<wp:meta_key><![CDATA[_download_limit]]></wp:meta_key>
		<wp:meta_value><![CDATA[-1]]></wp:meta_value>
		</wp:postmeta>
							<wp:postmeta>
		<wp:meta_key><![CDATA[_download_expiry]]></wp:meta_key>
		<wp:meta_value><![CDATA[-1]]></wp:meta_value>
		</wp:postmeta>
							<wp:postmeta>
		<wp:meta_key><![CDATA[_stock]]></wp:meta_key>
		<wp:meta_value><![CDATA[]]></wp:meta_value>
		</wp:postmeta>
							<wp:postmeta>
		<wp:meta_key><![CDATA[_stock_status]]></wp:meta_key>
		<wp:meta_value><![CDATA[instock]]></wp:meta_value>
		</wp:postmeta>
							<wp:postmeta>
		<wp:meta_key><![CDATA[_product_version]]></wp:meta_key>
		<wp:meta_value><![CDATA[3.5.7]]></wp:meta_value>
		</wp:postmeta>
							<wp:postmeta>
		<wp:meta_key><![CDATA[_price]]></wp:meta_key>
		<wp:meta_value><![CDATA[31.45]]></wp:meta_value>
		</wp:postmeta>
							<wp:postmeta>
		<wp:meta_key><![CDATA[_wp_old_date]]></wp:meta_key>
		<wp:meta_value><![CDATA[2019-03-20]]></wp:meta_value>
		</wp:postmeta>
							</item>
					<item>
		<title>G2S Women&#039;s</title>
		<link>http://127.0.0.1:8080/wordpress/product/g2s-womens/</link>
		<pubDate>Wed, 20 Feb 2019 10:35:39 +0000</pubDate>
		<dc:creator><![CDATA[user]]></dc:creator>
		<guid isPermaLink="false">http://localhost:8888/wordpress/?post_type=product&#038;p=3300</guid>
		<description></description>
		<content:encoded><![CDATA[
						]]></content:encoded>
		<excerpt:encoded><![CDATA[
				In vel consequat massa. Sed lorem elit, facilisis sit amet commodo nec, dignissim sed diam. Maecenas ornare orci ac velit mollis, ac condimentum ipsum malesuada. Vestibulum risus erat, luctus id efficitur.

Nam sollicitudin, urna in consectetur malesuada, augue mi mollis velit, quis interdum enim ex eu est.		]]></excerpt:encoded>
		<wp:post_id>3300</wp:post_id>
		<wp:post_date><![CDATA[2019-02-20 10:35:39]]></wp:post_date>
		<wp:post_date_gmt><![CDATA[2019-02-20 10:35:39]]></wp:post_date_gmt>
		<wp:comment_status><![CDATA[closed]]></wp:comment_status>
		<wp:ping_status><![CDATA[closed]]></wp:ping_status>
		<wp:post_name><![CDATA[g2s-womens]]></wp:post_name>
		<wp:status><![CDATA[publish]]></wp:status>
		<wp:post_parent>0</wp:post_parent>
		<wp:menu_order>0</wp:menu_order>
		<wp:post_type><![CDATA[product]]></wp:post_type>
		<wp:post_password><![CDATA[]]></wp:post_password>
		<wp:is_sticky>0</wp:is_sticky>
										<category domain="product_cat" nicename="shoes"><![CDATA[Shoes]]></category>
		<category domain="product_type" nicename="simple"><![CDATA[simple]]></category>
						<wp:postmeta>
		<wp:meta_key><![CDATA[_wc_review_count]]></wp:meta_key>
		<wp:meta_value><![CDATA[0]]></wp:meta_value>
		</wp:postmeta>
							<wp:postmeta>
		<wp:meta_key><![CDATA[_wc_rating_count]]></wp:meta_key>
		<wp:meta_value><![CDATA[a:0:{}]]></wp:meta_value>
		</wp:postmeta>
							<wp:postmeta>
		<wp:meta_key><![CDATA[_wc_average_rating]]></wp:meta_key>
		<wp:meta_value><![CDATA[0]]></wp:meta_value>
		</wp:postmeta>
							<wp:postmeta>
		<wp:meta_key><![CDATA[_edit_last]]></wp:meta_key>
		<wp:meta_value><![CDATA[1]]></wp:meta_value>
		</wp:postmeta>
							<wp:postmeta>
		<wp:meta_key><![CDATA[_thumbnail_id]]></wp:meta_key>
		<wp:meta_value><![CDATA[3301]]></wp:meta_value>
		</wp:postmeta>
							<wp:postmeta>
		<wp:meta_key><![CDATA[_sku]]></wp:meta_key>
		<wp:meta_value><![CDATA[81234]]></wp:meta_value>
		</wp:postmeta>
							<wp:postmeta>
		<wp:meta_key><![CDATA[_regular_price]]></wp:meta_key>
		<wp:meta_value><![CDATA[135.00]]></wp:meta_value>
		</wp:postmeta>
							<wp:postmeta>
		<wp:meta_key><![CDATA[_sale_price]]></wp:meta_key>
		<wp:meta_value><![CDATA[]]></wp:meta_value>
		</wp:postmeta>
							<wp:postmeta>
		<wp:meta_key><![CDATA[_sale_price_dates_from]]></wp:meta_key>
		<wp:meta_value><![CDATA[]]></wp:meta_value>
		</wp:postmeta>
							<wp:postmeta>
		<wp:meta_key><![CDATA[_sale_price_dates_to]]></wp:meta_key>
		<wp:meta_value><![CDATA[]]></wp:meta_value>
		</wp:postmeta>
							<wp:postmeta>
		<wp:meta_key><![CDATA[total_sales]]></wp:meta_key>
		<wp:meta_value><![CDATA[0]]></wp:meta_value>
		</wp:postmeta>
							<wp:postmeta>
		<wp:meta_key><![CDATA[_tax_status]]></wp:meta_key>
		<wp:meta_value><![CDATA[taxable]]></wp:meta_value>
		</wp:postmeta>
							<wp:postmeta>
		<wp:meta_key><![CDATA[_tax_class]]></wp:meta_key>
		<wp:meta_value><![CDATA[]]></wp:meta_value>
		</wp:postmeta>
							<wp:postmeta>
		<wp:meta_key><![CDATA[_manage_stock]]></wp:meta_key>
		<wp:meta_value><![CDATA[no]]></wp:meta_value>
		</wp:postmeta>
							<wp:postmeta>
		<wp:meta_key><![CDATA[_backorders]]></wp:meta_key>
		<wp:meta_value><![CDATA[no]]></wp:meta_value>
		</wp:postmeta>
							<wp:postmeta>
		<wp:meta_key><![CDATA[_low_stock_amount]]></wp:meta_key>
		<wp:meta_value><![CDATA[]]></wp:meta_value>
		</wp:postmeta>
							<wp:postmeta>
		<wp:meta_key><![CDATA[_sold_individually]]></wp:meta_key>
		<wp:meta_value><![CDATA[no]]></wp:meta_value>
		</wp:postmeta>
							<wp:postmeta>
		<wp:meta_key><![CDATA[_weight]]></wp:meta_key>
		<wp:meta_value><![CDATA[]]></wp:meta_value>
		</wp:postmeta>
							<wp:postmeta>
		<wp:meta_key><![CDATA[_length]]></wp:meta_key>
		<wp:meta_value><![CDATA[]]></wp:meta_value>
		</wp:postmeta>
							<wp:postmeta>
		<wp:meta_key><![CDATA[_width]]></wp:meta_key>
		<wp:meta_value><![CDATA[]]></wp:meta_value>
		</wp:postmeta>
							<wp:postmeta>
		<wp:meta_key><![CDATA[_height]]></wp:meta_key>
		<wp:meta_value><![CDATA[]]></wp:meta_value>
		</wp:postmeta>
							<wp:postmeta>
		<wp:meta_key><![CDATA[_upsell_ids]]></wp:meta_key>
		<wp:meta_value><![CDATA[a:0:{}]]></wp:meta_value>
		</wp:postmeta>
							<wp:postmeta>
		<wp:meta_key><![CDATA[_crosssell_ids]]></wp:meta_key>
		<wp:meta_value><![CDATA[a:0:{}]]></wp:meta_value>
		</wp:postmeta>
							<wp:postmeta>
		<wp:meta_key><![CDATA[_purchase_note]]></wp:meta_key>
		<wp:meta_value><![CDATA[]]></wp:meta_value>
		</wp:postmeta>
							<wp:postmeta>
		<wp:meta_key><![CDATA[_default_attributes]]></wp:meta_key>
		<wp:meta_value><![CDATA[a:0:{}]]></wp:meta_value>
		</wp:postmeta>
							<wp:postmeta>
		<wp:meta_key><![CDATA[_virtual]]></wp:meta_key>
		<wp:meta_value><![CDATA[no]]></wp:meta_value>
		</wp:postmeta>
							<wp:postmeta>
		<wp:meta_key><![CDATA[_downloadable]]></wp:meta_key>
		<wp:meta_value><![CDATA[no]]></wp:meta_value>
		</wp:postmeta>
							<wp:postmeta>
		<wp:meta_key><![CDATA[_product_image_gallery]]></wp:meta_key>
		<wp:meta_value><![CDATA[3302,3303,3304]]></wp:meta_value>
		</wp:postmeta>
							<wp:postmeta>
		<wp:meta_key><![CDATA[_download_limit]]></wp:meta_key>
		<wp:meta_value><![CDATA[-1]]></wp:meta_value>
		</wp:postmeta>
							<wp:postmeta>
		<wp:meta_key><![CDATA[_download_expiry]]></wp:meta_key>
		<wp:meta_value><![CDATA[-1]]></wp:meta_value>
		</wp:postmeta>
							<wp:postmeta>
		<wp:meta_key><![CDATA[_stock]]></wp:meta_key>
		<wp:meta_value><![CDATA[]]></wp:meta_value>
		</wp:postmeta>
							<wp:postmeta>
		<wp:meta_key><![CDATA[_stock_status]]></wp:meta_key>
		<wp:meta_value><![CDATA[instock]]></wp:meta_value>
		</wp:postmeta>
							<wp:postmeta>
		<wp:meta_key><![CDATA[_product_version]]></wp:meta_key>
		<wp:meta_value><![CDATA[3.5.7]]></wp:meta_value>
		</wp:postmeta>
							<wp:postmeta>
		<wp:meta_key><![CDATA[_price]]></wp:meta_key>
		<wp:meta_value><![CDATA[135.00]]></wp:meta_value>
		</wp:postmeta>
							<wp:postmeta>
		<wp:meta_key><![CDATA[_wp_old_date]]></wp:meta_key>
		<wp:meta_value><![CDATA[2019-03-20]]></wp:meta_value>
		</wp:postmeta>
							</item>
					<item>
		<title>Hally Belt</title>
		<link>http://127.0.0.1:8080/wordpress/product/arizona-regular/</link>
		<pubDate>Wed, 20 Feb 2019 09:36:48 +0000</pubDate>
		<dc:creator><![CDATA[user]]></dc:creator>
		<guid isPermaLink="false">http://localhost:8888/wordpress/?post_type=product&#038;p=3305</guid>
		<description></description>
		<content:encoded><![CDATA[
						]]></content:encoded>
		<excerpt:encoded><![CDATA[
				In vel consequat massa. Sed lorem elit, facilisis sit amet commodo nec, dignissim sed diam. Maecenas ornare orci ac velit mollis, ac condimentum ipsum malesuada. Vestibulum risus erat, luctus id efficitur.

Nam sollicitudin, urna in consectetur malesuada, augue mi mollis velit, quis interdum enim ex eu est.		]]></excerpt:encoded>
		<wp:post_id>3305</wp:post_id>
		<wp:post_date><![CDATA[2019-02-20 09:36:48]]></wp:post_date>
		<wp:post_date_gmt><![CDATA[2019-02-20 09:36:48]]></wp:post_date_gmt>
		<wp:comment_status><![CDATA[closed]]></wp:comment_status>
		<wp:ping_status><![CDATA[closed]]></wp:ping_status>
		<wp:post_name><![CDATA[arizona-regular]]></wp:post_name>
		<wp:status><![CDATA[publish]]></wp:status>
		<wp:post_parent>0</wp:post_parent>
		<wp:menu_order>0</wp:menu_order>
		<wp:post_type><![CDATA[product]]></wp:post_type>
		<wp:post_password><![CDATA[]]></wp:post_password>
		<wp:is_sticky>0</wp:is_sticky>
										<category domain="product_cat" nicename="accessories"><![CDATA[Accessories]]></category>
		<category domain="product_cat" nicename="cotton"><![CDATA[Cotton]]></category>
		<category domain="product_type" nicename="simple"><![CDATA[simple]]></category>
						<wp:postmeta>
		<wp:meta_key><![CDATA[_wc_review_count]]></wp:meta_key>
		<wp:meta_value><![CDATA[0]]></wp:meta_value>
		</wp:postmeta>
							<wp:postmeta>
		<wp:meta_key><![CDATA[_wc_rating_count]]></wp:meta_key>
		<wp:meta_value><![CDATA[a:0:{}]]></wp:meta_value>
		</wp:postmeta>
							<wp:postmeta>
		<wp:meta_key><![CDATA[_wc_average_rating]]></wp:meta_key>
		<wp:meta_value><![CDATA[0]]></wp:meta_value>
		</wp:postmeta>
							<wp:postmeta>
		<wp:meta_key><![CDATA[_edit_last]]></wp:meta_key>
		<wp:meta_value><![CDATA[1]]></wp:meta_value>
		</wp:postmeta>
							<wp:postmeta>
		<wp:meta_key><![CDATA[_thumbnail_id]]></wp:meta_key>
		<wp:meta_value><![CDATA[3340]]></wp:meta_value>
		</wp:postmeta>
							<wp:postmeta>
		<wp:meta_key><![CDATA[_sku]]></wp:meta_key>
		<wp:meta_value><![CDATA[12123]]></wp:meta_value>
		</wp:postmeta>
							<wp:postmeta>
		<wp:meta_key><![CDATA[_regular_price]]></wp:meta_key>
		<wp:meta_value><![CDATA[59.95]]></wp:meta_value>
		</wp:postmeta>
							<wp:postmeta>
		<wp:meta_key><![CDATA[_sale_price]]></wp:meta_key>
		<wp:meta_value><![CDATA[]]></wp:meta_value>
		</wp:postmeta>
							<wp:postmeta>
		<wp:meta_key><![CDATA[_sale_price_dates_from]]></wp:meta_key>
		<wp:meta_value><![CDATA[]]></wp:meta_value>
		</wp:postmeta>
							<wp:postmeta>
		<wp:meta_key><![CDATA[_sale_price_dates_to]]></wp:meta_key>
		<wp:meta_value><![CDATA[]]></wp:meta_value>
		</wp:postmeta>
							<wp:postmeta>
		<wp:meta_key><![CDATA[total_sales]]></wp:meta_key>
		<wp:meta_value><![CDATA[0]]></wp:meta_value>
		</wp:postmeta>
							<wp:postmeta>
		<wp:meta_key><![CDATA[_tax_status]]></wp:meta_key>
		<wp:meta_value><![CDATA[taxable]]></wp:meta_value>
		</wp:postmeta>
							<wp:postmeta>
		<wp:meta_key><![CDATA[_tax_class]]></wp:meta_key>
		<wp:meta_value><![CDATA[]]></wp:meta_value>
		</wp:postmeta>
							<wp:postmeta>
		<wp:meta_key><![CDATA[_manage_stock]]></wp:meta_key>
		<wp:meta_value><![CDATA[no]]></wp:meta_value>
		</wp:postmeta>
							<wp:postmeta>
		<wp:meta_key><![CDATA[_backorders]]></wp:meta_key>
		<wp:meta_value><![CDATA[no]]></wp:meta_value>
		</wp:postmeta>
							<wp:postmeta>
		<wp:meta_key><![CDATA[_low_stock_amount]]></wp:meta_key>
		<wp:meta_value><![CDATA[]]></wp:meta_value>
		</wp:postmeta>
							<wp:postmeta>
		<wp:meta_key><![CDATA[_sold_individually]]></wp:meta_key>
		<wp:meta_value><![CDATA[no]]></wp:meta_value>
		</wp:postmeta>
							<wp:postmeta>
		<wp:meta_key><![CDATA[_weight]]></wp:meta_key>
		<wp:meta_value><![CDATA[]]></wp:meta_value>
		</wp:postmeta>
							<wp:postmeta>
		<wp:meta_key><![CDATA[_length]]></wp:meta_key>
		<wp:meta_value><![CDATA[]]></wp:meta_value>
		</wp:postmeta>
							<wp:postmeta>
		<wp:meta_key><![CDATA[_width]]></wp:meta_key>
		<wp:meta_value><![CDATA[]]></wp:meta_value>
		</wp:postmeta>
							<wp:postmeta>
		<wp:meta_key><![CDATA[_height]]></wp:meta_key>
		<wp:meta_value><![CDATA[]]></wp:meta_value>
		</wp:postmeta>
							<wp:postmeta>
		<wp:meta_key><![CDATA[_upsell_ids]]></wp:meta_key>
		<wp:meta_value><![CDATA[a:0:{}]]></wp:meta_value>
		</wp:postmeta>
							<wp:postmeta>
		<wp:meta_key><![CDATA[_crosssell_ids]]></wp:meta_key>
		<wp:meta_value><![CDATA[a:0:{}]]></wp:meta_value>
		</wp:postmeta>
							<wp:postmeta>
		<wp:meta_key><![CDATA[_purchase_note]]></wp:meta_key>
		<wp:meta_value><![CDATA[]]></wp:meta_value>
		</wp:postmeta>
							<wp:postmeta>
		<wp:meta_key><![CDATA[_default_attributes]]></wp:meta_key>
		<wp:meta_value><![CDATA[a:0:{}]]></wp:meta_value>
		</wp:postmeta>
							<wp:postmeta>
		<wp:meta_key><![CDATA[_virtual]]></wp:meta_key>
		<wp:meta_value><![CDATA[no]]></wp:meta_value>
		</wp:postmeta>
							<wp:postmeta>
		<wp:meta_key><![CDATA[_downloadable]]></wp:meta_key>
		<wp:meta_value><![CDATA[no]]></wp:meta_value>
		</wp:postmeta>
							<wp:postmeta>
		<wp:meta_key><![CDATA[_product_image_gallery]]></wp:meta_key>
		<wp:meta_value><![CDATA[3341,3342]]></wp:meta_value>
		</wp:postmeta>
							<wp:postmeta>
		<wp:meta_key><![CDATA[_download_limit]]></wp:meta_key>
		<wp:meta_value><![CDATA[-1]]></wp:meta_value>
		</wp:postmeta>
							<wp:postmeta>
		<wp:meta_key><![CDATA[_download_expiry]]></wp:meta_key>
		<wp:meta_value><![CDATA[-1]]></wp:meta_value>
		</wp:postmeta>
							<wp:postmeta>
		<wp:meta_key><![CDATA[_stock]]></wp:meta_key>
		<wp:meta_value><![CDATA[]]></wp:meta_value>
		</wp:postmeta>
							<wp:postmeta>
		<wp:meta_key><![CDATA[_stock_status]]></wp:meta_key>
		<wp:meta_value><![CDATA[instock]]></wp:meta_value>
		</wp:postmeta>
							<wp:postmeta>
		<wp:meta_key><![CDATA[_product_version]]></wp:meta_key>
		<wp:meta_value><![CDATA[3.5.7]]></wp:meta_value>
		</wp:postmeta>
							<wp:postmeta>
		<wp:meta_key><![CDATA[_price]]></wp:meta_key>
		<wp:meta_value><![CDATA[59.95]]></wp:meta_value>
		</wp:postmeta>
							<wp:postmeta>
		<wp:meta_key><![CDATA[_wp_old_date]]></wp:meta_key>
		<wp:meta_value><![CDATA[2019-03-20]]></wp:meta_value>
		</wp:postmeta>
							</item>
					<item>
		<title>Coleman Fedora</title>
		<link>http://127.0.0.1:8080/wordpress/product/stretch-waist-jogger/</link>
		<pubDate>Wed, 20 Feb 2019 09:39:32 +0000</pubDate>
		<dc:creator><![CDATA[user]]></dc:creator>
		<guid isPermaLink="false">http://localhost:8888/wordpress/?post_type=product&#038;p=3309</guid>
		<description></description>
		<content:encoded><![CDATA[
						]]></content:encoded>
		<excerpt:encoded><![CDATA[
				In vel consequat massa. Sed lorem elit, facilisis sit amet commodo nec, dignissim sed diam. Maecenas ornare orci ac velit mollis, ac condimentum ipsum malesuada. Vestibulum risus erat, luctus id efficitur.

Nam sollicitudin, urna in consectetur malesuada, augue mi mollis velit, quis interdum enim ex eu est.		]]></excerpt:encoded>
		<wp:post_id>3309</wp:post_id>
		<wp:post_date><![CDATA[2019-02-20 09:39:32]]></wp:post_date>
		<wp:post_date_gmt><![CDATA[2019-02-20 09:39:32]]></wp:post_date_gmt>
		<wp:comment_status><![CDATA[closed]]></wp:comment_status>
		<wp:ping_status><![CDATA[closed]]></wp:ping_status>
		<wp:post_name><![CDATA[stretch-waist-jogger]]></wp:post_name>
		<wp:status><![CDATA[publish]]></wp:status>
		<wp:post_parent>0</wp:post_parent>
		<wp:menu_order>0</wp:menu_order>
		<wp:post_type><![CDATA[product]]></wp:post_type>
		<wp:post_password><![CDATA[]]></wp:post_password>
		<wp:is_sticky>0</wp:is_sticky>
										<category domain="product_cat" nicename="accessories"><![CDATA[Accessories]]></category>
		<category domain="product_type" nicename="simple"><![CDATA[simple]]></category>
						<wp:postmeta>
		<wp:meta_key><![CDATA[_wc_review_count]]></wp:meta_key>
		<wp:meta_value><![CDATA[0]]></wp:meta_value>
		</wp:postmeta>
							<wp:postmeta>
		<wp:meta_key><![CDATA[_wc_rating_count]]></wp:meta_key>
		<wp:meta_value><![CDATA[a:0:{}]]></wp:meta_value>
		</wp:postmeta>
							<wp:postmeta>
		<wp:meta_key><![CDATA[_wc_average_rating]]></wp:meta_key>
		<wp:meta_value><![CDATA[0]]></wp:meta_value>
		</wp:postmeta>
							<wp:postmeta>
		<wp:meta_key><![CDATA[_edit_last]]></wp:meta_key>
		<wp:meta_value><![CDATA[1]]></wp:meta_value>
		</wp:postmeta>
							<wp:postmeta>
		<wp:meta_key><![CDATA[_thumbnail_id]]></wp:meta_key>
		<wp:meta_value><![CDATA[3337]]></wp:meta_value>
		</wp:postmeta>
							<wp:postmeta>
		<wp:meta_key><![CDATA[_sku]]></wp:meta_key>
		<wp:meta_value><![CDATA[11123]]></wp:meta_value>
		</wp:postmeta>
							<wp:postmeta>
		<wp:meta_key><![CDATA[_regular_price]]></wp:meta_key>
		<wp:meta_value><![CDATA[99.95]]></wp:meta_value>
		</wp:postmeta>
							<wp:postmeta>
		<wp:meta_key><![CDATA[_sale_price]]></wp:meta_key>
		<wp:meta_value><![CDATA[]]></wp:meta_value>
		</wp:postmeta>
							<wp:postmeta>
		<wp:meta_key><![CDATA[_sale_price_dates_from]]></wp:meta_key>
		<wp:meta_value><![CDATA[]]></wp:meta_value>
		</wp:postmeta>
							<wp:postmeta>
		<wp:meta_key><![CDATA[_sale_price_dates_to]]></wp:meta_key>
		<wp:meta_value><![CDATA[]]></wp:meta_value>
		</wp:postmeta>
							<wp:postmeta>
		<wp:meta_key><![CDATA[total_sales]]></wp:meta_key>
		<wp:meta_value><![CDATA[0]]></wp:meta_value>
		</wp:postmeta>
							<wp:postmeta>
		<wp:meta_key><![CDATA[_tax_status]]></wp:meta_key>
		<wp:meta_value><![CDATA[taxable]]></wp:meta_value>
		</wp:postmeta>
							<wp:postmeta>
		<wp:meta_key><![CDATA[_tax_class]]></wp:meta_key>
		<wp:meta_value><![CDATA[]]></wp:meta_value>
		</wp:postmeta>
							<wp:postmeta>
		<wp:meta_key><![CDATA[_manage_stock]]></wp:meta_key>
		<wp:meta_value><![CDATA[no]]></wp:meta_value>
		</wp:postmeta>
							<wp:postmeta>
		<wp:meta_key><![CDATA[_backorders]]></wp:meta_key>
		<wp:meta_value><![CDATA[no]]></wp:meta_value>
		</wp:postmeta>
							<wp:postmeta>
		<wp:meta_key><![CDATA[_low_stock_amount]]></wp:meta_key>
		<wp:meta_value><![CDATA[]]></wp:meta_value>
		</wp:postmeta>
							<wp:postmeta>
		<wp:meta_key><![CDATA[_sold_individually]]></wp:meta_key>
		<wp:meta_value><![CDATA[no]]></wp:meta_value>
		</wp:postmeta>
							<wp:postmeta>
		<wp:meta_key><![CDATA[_weight]]></wp:meta_key>
		<wp:meta_value><![CDATA[]]></wp:meta_value>
		</wp:postmeta>
							<wp:postmeta>
		<wp:meta_key><![CDATA[_length]]></wp:meta_key>
		<wp:meta_value><![CDATA[]]></wp:meta_value>
		</wp:postmeta>
							<wp:postmeta>
		<wp:meta_key><![CDATA[_width]]></wp:meta_key>
		<wp:meta_value><![CDATA[]]></wp:meta_value>
		</wp:postmeta>
							<wp:postmeta>
		<wp:meta_key><![CDATA[_height]]></wp:meta_key>
		<wp:meta_value><![CDATA[]]></wp:meta_value>
		</wp:postmeta>
							<wp:postmeta>
		<wp:meta_key><![CDATA[_upsell_ids]]></wp:meta_key>
		<wp:meta_value><![CDATA[a:0:{}]]></wp:meta_value>
		</wp:postmeta>
							<wp:postmeta>
		<wp:meta_key><![CDATA[_crosssell_ids]]></wp:meta_key>
		<wp:meta_value><![CDATA[a:0:{}]]></wp:meta_value>
		</wp:postmeta>
							<wp:postmeta>
		<wp:meta_key><![CDATA[_purchase_note]]></wp:meta_key>
		<wp:meta_value><![CDATA[]]></wp:meta_value>
		</wp:postmeta>
							<wp:postmeta>
		<wp:meta_key><![CDATA[_default_attributes]]></wp:meta_key>
		<wp:meta_value><![CDATA[a:0:{}]]></wp:meta_value>
		</wp:postmeta>
							<wp:postmeta>
		<wp:meta_key><![CDATA[_virtual]]></wp:meta_key>
		<wp:meta_value><![CDATA[no]]></wp:meta_value>
		</wp:postmeta>
							<wp:postmeta>
		<wp:meta_key><![CDATA[_downloadable]]></wp:meta_key>
		<wp:meta_value><![CDATA[no]]></wp:meta_value>
		</wp:postmeta>
							<wp:postmeta>
		<wp:meta_key><![CDATA[_product_image_gallery]]></wp:meta_key>
		<wp:meta_value><![CDATA[3338,3339,3337]]></wp:meta_value>
		</wp:postmeta>
							<wp:postmeta>
		<wp:meta_key><![CDATA[_download_limit]]></wp:meta_key>
		<wp:meta_value><![CDATA[-1]]></wp:meta_value>
		</wp:postmeta>
							<wp:postmeta>
		<wp:meta_key><![CDATA[_download_expiry]]></wp:meta_key>
		<wp:meta_value><![CDATA[-1]]></wp:meta_value>
		</wp:postmeta>
							<wp:postmeta>
		<wp:meta_key><![CDATA[_stock]]></wp:meta_key>
		<wp:meta_value><![CDATA[]]></wp:meta_value>
		</wp:postmeta>
							<wp:postmeta>
		<wp:meta_key><![CDATA[_stock_status]]></wp:meta_key>
		<wp:meta_value><![CDATA[instock]]></wp:meta_value>
		</wp:postmeta>
							<wp:postmeta>
		<wp:meta_key><![CDATA[_product_version]]></wp:meta_key>
		<wp:meta_value><![CDATA[3.5.7]]></wp:meta_value>
		</wp:postmeta>
							<wp:postmeta>
		<wp:meta_key><![CDATA[_price]]></wp:meta_key>
		<wp:meta_value><![CDATA[99.95]]></wp:meta_value>
		</wp:postmeta>
							<wp:postmeta>
		<wp:meta_key><![CDATA[_wp_old_date]]></wp:meta_key>
		<wp:meta_value><![CDATA[2019-03-20]]></wp:meta_value>
		</wp:postmeta>
							</item>
					<item>
		<title>Rebecca Bag</title>
		<link>http://127.0.0.1:8080/wordpress/product/rebecca-shirt/</link>
		<pubDate>Wed, 20 Feb 2019 09:42:18 +0000</pubDate>
		<dc:creator><![CDATA[user]]></dc:creator>
		<guid isPermaLink="false">http://localhost:8888/wordpress/?post_type=product&#038;p=3314</guid>
		<description></description>
		<content:encoded><![CDATA[
						]]></content:encoded>
		<excerpt:encoded><![CDATA[
				In vel consequat massa. Sed lorem elit, facilisis sit amet commodo nec, dignissim sed diam. Maecenas ornare orci ac velit mollis, ac condimentum ipsum malesuada. Vestibulum risus erat, luctus id efficitur.

Nam sollicitudin, urna in consectetur malesuada, augue mi mollis velit, quis interdum enim ex eu est.		]]></excerpt:encoded>
		<wp:post_id>3314</wp:post_id>
		<wp:post_date><![CDATA[2019-02-20 09:42:18]]></wp:post_date>
		<wp:post_date_gmt><![CDATA[2019-02-20 09:42:18]]></wp:post_date_gmt>
		<wp:comment_status><![CDATA[closed]]></wp:comment_status>
		<wp:ping_status><![CDATA[closed]]></wp:ping_status>
		<wp:post_name><![CDATA[rebecca-shirt]]></wp:post_name>
		<wp:status><![CDATA[publish]]></wp:status>
		<wp:post_parent>0</wp:post_parent>
		<wp:menu_order>0</wp:menu_order>
		<wp:post_type><![CDATA[product]]></wp:post_type>
		<wp:post_password><![CDATA[]]></wp:post_password>
		<wp:is_sticky>0</wp:is_sticky>
										<category domain="product_cat" nicename="accessories"><![CDATA[Accessories]]></category>
		<category domain="product_type" nicename="simple"><![CDATA[simple]]></category>
						<wp:postmeta>
		<wp:meta_key><![CDATA[_wc_review_count]]></wp:meta_key>
		<wp:meta_value><![CDATA[0]]></wp:meta_value>
		</wp:postmeta>
							<wp:postmeta>
		<wp:meta_key><![CDATA[_wc_rating_count]]></wp:meta_key>
		<wp:meta_value><![CDATA[a:0:{}]]></wp:meta_value>
		</wp:postmeta>
							<wp:postmeta>
		<wp:meta_key><![CDATA[_wc_average_rating]]></wp:meta_key>
		<wp:meta_value><![CDATA[0]]></wp:meta_value>
		</wp:postmeta>
							<wp:postmeta>
		<wp:meta_key><![CDATA[_edit_last]]></wp:meta_key>
		<wp:meta_value><![CDATA[1]]></wp:meta_value>
		</wp:postmeta>
							<wp:postmeta>
		<wp:meta_key><![CDATA[_thumbnail_id]]></wp:meta_key>
		<wp:meta_value><![CDATA[3332]]></wp:meta_value>
		</wp:postmeta>
							<wp:postmeta>
		<wp:meta_key><![CDATA[_sku]]></wp:meta_key>
		<wp:meta_value><![CDATA[10123]]></wp:meta_value>
		</wp:postmeta>
							<wp:postmeta>
		<wp:meta_key><![CDATA[_regular_price]]></wp:meta_key>
		<wp:meta_value><![CDATA[89.95]]></wp:meta_value>
		</wp:postmeta>
							<wp:postmeta>
		<wp:meta_key><![CDATA[_sale_price]]></wp:meta_key>
		<wp:meta_value><![CDATA[]]></wp:meta_value>
		</wp:postmeta>
							<wp:postmeta>
		<wp:meta_key><![CDATA[_sale_price_dates_from]]></wp:meta_key>
		<wp:meta_value><![CDATA[]]></wp:meta_value>
		</wp:postmeta>
							<wp:postmeta>
		<wp:meta_key><![CDATA[_sale_price_dates_to]]></wp:meta_key>
		<wp:meta_value><![CDATA[]]></wp:meta_value>
		</wp:postmeta>
							<wp:postmeta>
		<wp:meta_key><![CDATA[total_sales]]></wp:meta_key>
		<wp:meta_value><![CDATA[0]]></wp:meta_value>
		</wp:postmeta>
							<wp:postmeta>
		<wp:meta_key><![CDATA[_tax_status]]></wp:meta_key>
		<wp:meta_value><![CDATA[taxable]]></wp:meta_value>
		</wp:postmeta>
							<wp:postmeta>
		<wp:meta_key><![CDATA[_tax_class]]></wp:meta_key>
		<wp:meta_value><![CDATA[]]></wp:meta_value>
		</wp:postmeta>
							<wp:postmeta>
		<wp:meta_key><![CDATA[_manage_stock]]></wp:meta_key>
		<wp:meta_value><![CDATA[no]]></wp:meta_value>
		</wp:postmeta>
							<wp:postmeta>
		<wp:meta_key><![CDATA[_backorders]]></wp:meta_key>
		<wp:meta_value><![CDATA[no]]></wp:meta_value>
		</wp:postmeta>
							<wp:postmeta>
		<wp:meta_key><![CDATA[_low_stock_amount]]></wp:meta_key>
		<wp:meta_value><![CDATA[]]></wp:meta_value>
		</wp:postmeta>
							<wp:postmeta>
		<wp:meta_key><![CDATA[_sold_individually]]></wp:meta_key>
		<wp:meta_value><![CDATA[no]]></wp:meta_value>
		</wp:postmeta>
							<wp:postmeta>
		<wp:meta_key><![CDATA[_weight]]></wp:meta_key>
		<wp:meta_value><![CDATA[]]></wp:meta_value>
		</wp:postmeta>
							<wp:postmeta>
		<wp:meta_key><![CDATA[_length]]></wp:meta_key>
		<wp:meta_value><![CDATA[]]></wp:meta_value>
		</wp:postmeta>
							<wp:postmeta>
		<wp:meta_key><![CDATA[_width]]></wp:meta_key>
		<wp:meta_value><![CDATA[]]></wp:meta_value>
		</wp:postmeta>
							<wp:postmeta>
		<wp:meta_key><![CDATA[_height]]></wp:meta_key>
		<wp:meta_value><![CDATA[]]></wp:meta_value>
		</wp:postmeta>
							<wp:postmeta>
		<wp:meta_key><![CDATA[_upsell_ids]]></wp:meta_key>
		<wp:meta_value><![CDATA[a:0:{}]]></wp:meta_value>
		</wp:postmeta>
							<wp:postmeta>
		<wp:meta_key><![CDATA[_crosssell_ids]]></wp:meta_key>
		<wp:meta_value><![CDATA[a:0:{}]]></wp:meta_value>
		</wp:postmeta>
							<wp:postmeta>
		<wp:meta_key><![CDATA[_purchase_note]]></wp:meta_key>
		<wp:meta_value><![CDATA[]]></wp:meta_value>
		</wp:postmeta>
							<wp:postmeta>
		<wp:meta_key><![CDATA[_default_attributes]]></wp:meta_key>
		<wp:meta_value><![CDATA[a:0:{}]]></wp:meta_value>
		</wp:postmeta>
							<wp:postmeta>
		<wp:meta_key><![CDATA[_virtual]]></wp:meta_key>
		<wp:meta_value><![CDATA[no]]></wp:meta_value>
		</wp:postmeta>
							<wp:postmeta>
		<wp:meta_key><![CDATA[_downloadable]]></wp:meta_key>
		<wp:meta_value><![CDATA[no]]></wp:meta_value>
		</wp:postmeta>
							<wp:postmeta>
		<wp:meta_key><![CDATA[_product_image_gallery]]></wp:meta_key>
		<wp:meta_value><![CDATA[3333,3334,3335]]></wp:meta_value>
		</wp:postmeta>
							<wp:postmeta>
		<wp:meta_key><![CDATA[_download_limit]]></wp:meta_key>
		<wp:meta_value><![CDATA[-1]]></wp:meta_value>
		</wp:postmeta>
							<wp:postmeta>
		<wp:meta_key><![CDATA[_download_expiry]]></wp:meta_key>
		<wp:meta_value><![CDATA[-1]]></wp:meta_value>
		</wp:postmeta>
							<wp:postmeta>
		<wp:meta_key><![CDATA[_stock]]></wp:meta_key>
		<wp:meta_value><![CDATA[]]></wp:meta_value>
		</wp:postmeta>
							<wp:postmeta>
		<wp:meta_key><![CDATA[_stock_status]]></wp:meta_key>
		<wp:meta_value><![CDATA[instock]]></wp:meta_value>
		</wp:postmeta>
							<wp:postmeta>
		<wp:meta_key><![CDATA[_product_version]]></wp:meta_key>
		<wp:meta_value><![CDATA[3.5.7]]></wp:meta_value>
		</wp:postmeta>
							<wp:postmeta>
		<wp:meta_key><![CDATA[_price]]></wp:meta_key>
		<wp:meta_value><![CDATA[89.95]]></wp:meta_value>
		</wp:postmeta>
							<wp:postmeta>
		<wp:meta_key><![CDATA[_wp_old_date]]></wp:meta_key>
		<wp:meta_value><![CDATA[2019-03-20]]></wp:meta_value>
		</wp:postmeta>
							</item>
					<item>
		<title>The Crew T-Shirt</title>
		<link>http://127.0.0.1:8080/wordpress/product/the-crew-t-shirt/</link>
		<pubDate>Wed, 20 Feb 2019 10:37:40 +0000</pubDate>
		<dc:creator><![CDATA[user]]></dc:creator>
		<guid isPermaLink="false">http://localhost:8888/wordpress/?post_type=product&#038;p=3319</guid>
		<description></description>
		<content:encoded><![CDATA[
						]]></content:encoded>
		<excerpt:encoded><![CDATA[
				In vel consequat massa. Sed lorem elit, facilisis sit amet commodo nec, dignissim sed diam. Maecenas ornare orci ac velit mollis, ac condimentum ipsum malesuada. Vestibulum risus erat, luctus id efficitur.

Nam sollicitudin, urna in consectetur malesuada, augue mi mollis velit, quis interdum enim ex eu est.		]]></excerpt:encoded>
		<wp:post_id>3319</wp:post_id>
		<wp:post_date><![CDATA[2019-02-20 10:37:40]]></wp:post_date>
		<wp:post_date_gmt><![CDATA[2019-02-20 10:37:40]]></wp:post_date_gmt>
		<wp:comment_status><![CDATA[closed]]></wp:comment_status>
		<wp:ping_status><![CDATA[closed]]></wp:ping_status>
		<wp:post_name><![CDATA[the-crew-t-shirt]]></wp:post_name>
		<wp:status><![CDATA[publish]]></wp:status>
		<wp:post_parent>0</wp:post_parent>
		<wp:menu_order>0</wp:menu_order>
		<wp:post_type><![CDATA[product]]></wp:post_type>
		<wp:post_password><![CDATA[]]></wp:post_password>
		<wp:is_sticky>0</wp:is_sticky>
										<category domain="product_cat" nicename="cotton"><![CDATA[Cotton]]></category>
		<category domain="product_type" nicename="simple"><![CDATA[simple]]></category>
		<category domain="product_cat" nicename="singlets"><![CDATA[Singlets]]></category>
						<wp:postmeta>
		<wp:meta_key><![CDATA[_wc_review_count]]></wp:meta_key>
		<wp:meta_value><![CDATA[0]]></wp:meta_value>
		</wp:postmeta>
							<wp:postmeta>
		<wp:meta_key><![CDATA[_wc_rating_count]]></wp:meta_key>
		<wp:meta_value><![CDATA[a:0:{}]]></wp:meta_value>
		</wp:postmeta>
							<wp:postmeta>
		<wp:meta_key><![CDATA[_wc_average_rating]]></wp:meta_key>
		<wp:meta_value><![CDATA[0]]></wp:meta_value>
		</wp:postmeta>
							<wp:postmeta>
		<wp:meta_key><![CDATA[_edit_last]]></wp:meta_key>
		<wp:meta_value><![CDATA[1]]></wp:meta_value>
		</wp:postmeta>
							<wp:postmeta>
		<wp:meta_key><![CDATA[_thumbnail_id]]></wp:meta_key>
		<wp:meta_value><![CDATA[3320]]></wp:meta_value>
		</wp:postmeta>
							<wp:postmeta>
		<wp:meta_key><![CDATA[_sku]]></wp:meta_key>
		<wp:meta_value><![CDATA[71234]]></wp:meta_value>
		</wp:postmeta>
							<wp:postmeta>
		<wp:meta_key><![CDATA[_regular_price]]></wp:meta_key>
		<wp:meta_value><![CDATA[14.95]]></wp:meta_value>
		</wp:postmeta>
							<wp:postmeta>
		<wp:meta_key><![CDATA[_sale_price]]></wp:meta_key>
		<wp:meta_value><![CDATA[]]></wp:meta_value>
		</wp:postmeta>
							<wp:postmeta>
		<wp:meta_key><![CDATA[_sale_price_dates_from]]></wp:meta_key>
		<wp:meta_value><![CDATA[]]></wp:meta_value>
		</wp:postmeta>
							<wp:postmeta>
		<wp:meta_key><![CDATA[_sale_price_dates_to]]></wp:meta_key>
		<wp:meta_value><![CDATA[]]></wp:meta_value>
		</wp:postmeta>
							<wp:postmeta>
		<wp:meta_key><![CDATA[total_sales]]></wp:meta_key>
		<wp:meta_value><![CDATA[0]]></wp:meta_value>
		</wp:postmeta>
							<wp:postmeta>
		<wp:meta_key><![CDATA[_tax_status]]></wp:meta_key>
		<wp:meta_value><![CDATA[taxable]]></wp:meta_value>
		</wp:postmeta>
							<wp:postmeta>
		<wp:meta_key><![CDATA[_tax_class]]></wp:meta_key>
		<wp:meta_value><![CDATA[]]></wp:meta_value>
		</wp:postmeta>
							<wp:postmeta>
		<wp:meta_key><![CDATA[_manage_stock]]></wp:meta_key>
		<wp:meta_value><![CDATA[no]]></wp:meta_value>
		</wp:postmeta>
							<wp:postmeta>
		<wp:meta_key><![CDATA[_backorders]]></wp:meta_key>
		<wp:meta_value><![CDATA[no]]></wp:meta_value>
		</wp:postmeta>
							<wp:postmeta>
		<wp:meta_key><![CDATA[_low_stock_amount]]></wp:meta_key>
		<wp:meta_value><![CDATA[]]></wp:meta_value>
		</wp:postmeta>
							<wp:postmeta>
		<wp:meta_key><![CDATA[_sold_individually]]></wp:meta_key>
		<wp:meta_value><![CDATA[no]]></wp:meta_value>
		</wp:postmeta>
							<wp:postmeta>
		<wp:meta_key><![CDATA[_weight]]></wp:meta_key>
		<wp:meta_value><![CDATA[]]></wp:meta_value>
		</wp:postmeta>
							<wp:postmeta>
		<wp:meta_key><![CDATA[_length]]></wp:meta_key>
		<wp:meta_value><![CDATA[]]></wp:meta_value>
		</wp:postmeta>
							<wp:postmeta>
		<wp:meta_key><![CDATA[_width]]></wp:meta_key>
		<wp:meta_value><![CDATA[]]></wp:meta_value>
		</wp:postmeta>
							<wp:postmeta>
		<wp:meta_key><![CDATA[_height]]></wp:meta_key>
		<wp:meta_value><![CDATA[]]></wp:meta_value>
		</wp:postmeta>
							<wp:postmeta>
		<wp:meta_key><![CDATA[_upsell_ids]]></wp:meta_key>
		<wp:meta_value><![CDATA[a:0:{}]]></wp:meta_value>
		</wp:postmeta>
							<wp:postmeta>
		<wp:meta_key><![CDATA[_crosssell_ids]]></wp:meta_key>
		<wp:meta_value><![CDATA[a:0:{}]]></wp:meta_value>
		</wp:postmeta>
							<wp:postmeta>
		<wp:meta_key><![CDATA[_purchase_note]]></wp:meta_key>
		<wp:meta_value><![CDATA[]]></wp:meta_value>
		</wp:postmeta>
							<wp:postmeta>
		<wp:meta_key><![CDATA[_default_attributes]]></wp:meta_key>
		<wp:meta_value><![CDATA[a:0:{}]]></wp:meta_value>
		</wp:postmeta>
							<wp:postmeta>
		<wp:meta_key><![CDATA[_virtual]]></wp:meta_key>
		<wp:meta_value><![CDATA[no]]></wp:meta_value>
		</wp:postmeta>
							<wp:postmeta>
		<wp:meta_key><![CDATA[_downloadable]]></wp:meta_key>
		<wp:meta_value><![CDATA[no]]></wp:meta_value>
		</wp:postmeta>
							<wp:postmeta>
		<wp:meta_key><![CDATA[_product_image_gallery]]></wp:meta_key>
		<wp:meta_value><![CDATA[3321,3322,3323]]></wp:meta_value>
		</wp:postmeta>
							<wp:postmeta>
		<wp:meta_key><![CDATA[_download_limit]]></wp:meta_key>
		<wp:meta_value><![CDATA[-1]]></wp:meta_value>
		</wp:postmeta>
							<wp:postmeta>
		<wp:meta_key><![CDATA[_download_expiry]]></wp:meta_key>
		<wp:meta_value><![CDATA[-1]]></wp:meta_value>
		</wp:postmeta>
							<wp:postmeta>
		<wp:meta_key><![CDATA[_stock]]></wp:meta_key>
		<wp:meta_value><![CDATA[]]></wp:meta_value>
		</wp:postmeta>
							<wp:postmeta>
		<wp:meta_key><![CDATA[_stock_status]]></wp:meta_key>
		<wp:meta_value><![CDATA[instock]]></wp:meta_value>
		</wp:postmeta>
							<wp:postmeta>
		<wp:meta_key><![CDATA[_product_version]]></wp:meta_key>
		<wp:meta_value><![CDATA[3.5.7]]></wp:meta_value>
		</wp:postmeta>
							<wp:postmeta>
		<wp:meta_key><![CDATA[_price]]></wp:meta_key>
		<wp:meta_value><![CDATA[14.95]]></wp:meta_value>
		</wp:postmeta>
							<wp:postmeta>
		<wp:meta_key><![CDATA[_wp_old_date]]></wp:meta_key>
		<wp:meta_value><![CDATA[2019-03-20]]></wp:meta_value>
		</wp:postmeta>
							</item>
					<item>
		<title>Wayfarer II Classic</title>
		<link>http://127.0.0.1:8080/wordpress/product/wayfarer-ii-classic/</link>
		<pubDate>Wed, 20 Feb 2019 10:38:30 +0000</pubDate>
		<dc:creator><![CDATA[user]]></dc:creator>
		<guid isPermaLink="false">http://localhost:8888/wordpress/?post_type=product&#038;p=3324</guid>
		<description></description>
		<content:encoded><![CDATA[
						]]></content:encoded>
		<excerpt:encoded><![CDATA[
				In vel consequat massa. Sed lorem elit, facilisis sit amet commodo nec, dignissim sed diam. Maecenas ornare orci ac velit mollis, ac condimentum ipsum malesuada. Vestibulum risus erat, luctus id efficitur.

Nam sollicitudin, urna in consectetur malesuada, augue mi mollis velit, quis interdum enim ex eu est.		]]></excerpt:encoded>
		<wp:post_id>3324</wp:post_id>
		<wp:post_date><![CDATA[2019-02-20 10:38:30]]></wp:post_date>
		<wp:post_date_gmt><![CDATA[2019-02-20 10:38:30]]></wp:post_date_gmt>
		<wp:comment_status><![CDATA[closed]]></wp:comment_status>
		<wp:ping_status><![CDATA[closed]]></wp:ping_status>
		<wp:post_name><![CDATA[wayfarer-ii-classic]]></wp:post_name>
		<wp:status><![CDATA[publish]]></wp:status>
		<wp:post_parent>0</wp:post_parent>
		<wp:menu_order>0</wp:menu_order>
		<wp:post_type><![CDATA[product]]></wp:post_type>
		<wp:post_password><![CDATA[]]></wp:post_password>
		<wp:is_sticky>0</wp:is_sticky>
										<category domain="product_cat" nicename="accessories"><![CDATA[Accessories]]></category>
		<category domain="product_type" nicename="simple"><![CDATA[simple]]></category>
						<wp:postmeta>
		<wp:meta_key><![CDATA[_wc_review_count]]></wp:meta_key>
		<wp:meta_value><![CDATA[0]]></wp:meta_value>
		</wp:postmeta>
							<wp:postmeta>
		<wp:meta_key><![CDATA[_wc_rating_count]]></wp:meta_key>
		<wp:meta_value><![CDATA[a:0:{}]]></wp:meta_value>
		</wp:postmeta>
							<wp:postmeta>
		<wp:meta_key><![CDATA[_wc_average_rating]]></wp:meta_key>
		<wp:meta_value><![CDATA[0]]></wp:meta_value>
		</wp:postmeta>
							<wp:postmeta>
		<wp:meta_key><![CDATA[_edit_last]]></wp:meta_key>
		<wp:meta_value><![CDATA[1]]></wp:meta_value>
		</wp:postmeta>
							<wp:postmeta>
		<wp:meta_key><![CDATA[_thumbnail_id]]></wp:meta_key>
		<wp:meta_value><![CDATA[3325]]></wp:meta_value>
		</wp:postmeta>
							<wp:postmeta>
		<wp:meta_key><![CDATA[_sku]]></wp:meta_key>
		<wp:meta_value><![CDATA[61234]]></wp:meta_value>
		</wp:postmeta>
							<wp:postmeta>
		<wp:meta_key><![CDATA[_regular_price]]></wp:meta_key>
		<wp:meta_value><![CDATA[205.00]]></wp:meta_value>
		</wp:postmeta>
							<wp:postmeta>
		<wp:meta_key><![CDATA[_sale_price]]></wp:meta_key>
		<wp:meta_value><![CDATA[]]></wp:meta_value>
		</wp:postmeta>
							<wp:postmeta>
		<wp:meta_key><![CDATA[_sale_price_dates_from]]></wp:meta_key>
		<wp:meta_value><![CDATA[]]></wp:meta_value>
		</wp:postmeta>
							<wp:postmeta>
		<wp:meta_key><![CDATA[_sale_price_dates_to]]></wp:meta_key>
		<wp:meta_value><![CDATA[]]></wp:meta_value>
		</wp:postmeta>
							<wp:postmeta>
		<wp:meta_key><![CDATA[total_sales]]></wp:meta_key>
		<wp:meta_value><![CDATA[0]]></wp:meta_value>
		</wp:postmeta>
							<wp:postmeta>
		<wp:meta_key><![CDATA[_tax_status]]></wp:meta_key>
		<wp:meta_value><![CDATA[taxable]]></wp:meta_value>
		</wp:postmeta>
							<wp:postmeta>
		<wp:meta_key><![CDATA[_tax_class]]></wp:meta_key>
		<wp:meta_value><![CDATA[]]></wp:meta_value>
		</wp:postmeta>
							<wp:postmeta>
		<wp:meta_key><![CDATA[_manage_stock]]></wp:meta_key>
		<wp:meta_value><![CDATA[no]]></wp:meta_value>
		</wp:postmeta>
							<wp:postmeta>
		<wp:meta_key><![CDATA[_backorders]]></wp:meta_key>
		<wp:meta_value><![CDATA[no]]></wp:meta_value>
		</wp:postmeta>
							<wp:postmeta>
		<wp:meta_key><![CDATA[_low_stock_amount]]></wp:meta_key>
		<wp:meta_value><![CDATA[]]></wp:meta_value>
		</wp:postmeta>
							<wp:postmeta>
		<wp:meta_key><![CDATA[_sold_individually]]></wp:meta_key>
		<wp:meta_value><![CDATA[no]]></wp:meta_value>
		</wp:postmeta>
							<wp:postmeta>
		<wp:meta_key><![CDATA[_weight]]></wp:meta_key>
		<wp:meta_value><![CDATA[]]></wp:meta_value>
		</wp:postmeta>
							<wp:postmeta>
		<wp:meta_key><![CDATA[_length]]></wp:meta_key>
		<wp:meta_value><![CDATA[]]></wp:meta_value>
		</wp:postmeta>
							<wp:postmeta>
		<wp:meta_key><![CDATA[_width]]></wp:meta_key>
		<wp:meta_value><![CDATA[]]></wp:meta_value>
		</wp:postmeta>
							<wp:postmeta>
		<wp:meta_key><![CDATA[_height]]></wp:meta_key>
		<wp:meta_value><![CDATA[]]></wp:meta_value>
		</wp:postmeta>
							<wp:postmeta>
		<wp:meta_key><![CDATA[_upsell_ids]]></wp:meta_key>
		<wp:meta_value><![CDATA[a:0:{}]]></wp:meta_value>
		</wp:postmeta>
							<wp:postmeta>
		<wp:meta_key><![CDATA[_crosssell_ids]]></wp:meta_key>
		<wp:meta_value><![CDATA[a:0:{}]]></wp:meta_value>
		</wp:postmeta>
							<wp:postmeta>
		<wp:meta_key><![CDATA[_purchase_note]]></wp:meta_key>
		<wp:meta_value><![CDATA[]]></wp:meta_value>
		</wp:postmeta>
							<wp:postmeta>
		<wp:meta_key><![CDATA[_default_attributes]]></wp:meta_key>
		<wp:meta_value><![CDATA[a:0:{}]]></wp:meta_value>
		</wp:postmeta>
							<wp:postmeta>
		<wp:meta_key><![CDATA[_virtual]]></wp:meta_key>
		<wp:meta_value><![CDATA[no]]></wp:meta_value>
		</wp:postmeta>
							<wp:postmeta>
		<wp:meta_key><![CDATA[_downloadable]]></wp:meta_key>
		<wp:meta_value><![CDATA[no]]></wp:meta_value>
		</wp:postmeta>
							<wp:postmeta>
		<wp:meta_key><![CDATA[_product_image_gallery]]></wp:meta_key>
		<wp:meta_value><![CDATA[3326,3327,3328]]></wp:meta_value>
		</wp:postmeta>
							<wp:postmeta>
		<wp:meta_key><![CDATA[_download_limit]]></wp:meta_key>
		<wp:meta_value><![CDATA[-1]]></wp:meta_value>
		</wp:postmeta>
							<wp:postmeta>
		<wp:meta_key><![CDATA[_download_expiry]]></wp:meta_key>
		<wp:meta_value><![CDATA[-1]]></wp:meta_value>
		</wp:postmeta>
							<wp:postmeta>
		<wp:meta_key><![CDATA[_stock]]></wp:meta_key>
		<wp:meta_value><![CDATA[]]></wp:meta_value>
		</wp:postmeta>
							<wp:postmeta>
		<wp:meta_key><![CDATA[_stock_status]]></wp:meta_key>
		<wp:meta_value><![CDATA[instock]]></wp:meta_value>
		</wp:postmeta>
							<wp:postmeta>
		<wp:meta_key><![CDATA[_product_version]]></wp:meta_key>
		<wp:meta_value><![CDATA[3.5.7]]></wp:meta_value>
		</wp:postmeta>
							<wp:postmeta>
		<wp:meta_key><![CDATA[_price]]></wp:meta_key>
		<wp:meta_value><![CDATA[205.00]]></wp:meta_value>
		</wp:postmeta>
							<wp:postmeta>
		<wp:meta_key><![CDATA[_wp_old_date]]></wp:meta_key>
		<wp:meta_value><![CDATA[2019-03-20]]></wp:meta_value>
		</wp:postmeta>
							</item>
				</channel>
</rss>
	